,sEmbeddings,wEmbeddings,oEmbeddings,tEmbeddings,continentEmbeddings,created_at,rating
0,"[ 2.81768870e-02  7.45034069e-02 -9.07683074e-02  3.72509509e-02
 -6.68561906e-02 -3.76296490e-02  2.17256434e-02  2.13834736e-02
 -5.86201437e-02 -5.05065061e-02 -3.03279515e-02 -4.19757031e-02
 -2.96672303e-02  1.16007831e-02 -2.68354570e-03  2.17954442e-02
  5.00740744e-02 -3.76218855e-02 -4.32013609e-02  5.35314046e-02
 -7.64113367e-02  2.81041116e-02  3.80786471e-02  1.86048038e-02
  3.62154432e-02  6.13844916e-02 -7.57658854e-02 -1.92516819e-02
  1.05754875e-01 -6.17823340e-02 -1.62078477e-02  2.36834418e-02
  2.09350828e-02  2.58833487e-02  8.34662318e-02  8.88838619e-02
  5.63546084e-02  6.01305068e-02  2.76624616e-02 -1.29793771e-02
 -4.03737091e-02 -6.87237531e-02  3.99780981e-02 -2.91821659e-02
 -1.20937275e-02 -7.94970766e-02  2.68615573e-03 -1.11993607e-02
 -3.65611427e-02  2.30442733e-03 -6.27881959e-02  5.25380298e-03
 -5.32391705e-02 -3.01561188e-02  3.51348892e-02  6.03063442e-02
  1.31675489e-02 -2.48808526e-02 -1.70865562e-02  2.88064126e-02
  1.42253499e-04  2.44208742e-02  2.83336360e-02  5.95082715e-02
  1.53328389e-01  4.34984900e-02 -2.95732170e-03 -6.65216893e-02
 -6.48145974e-02  1.84109376e-03  7.72460029e-02 -7.13519976e-02
 -2.90957615e-02  8.53577703e-02  8.30428153e-02 -2.49097664e-02
  4.85879183e-03 -1.03447326e-01  1.60304774e-02  5.79925589e-02
 -5.12443259e-02  1.54884243e-02 -7.58909509e-02  1.23234890e-01
 -2.31854594e-03 -2.49243341e-03 -1.25798741e-02 -3.92871387e-02
 -4.73155007e-02  6.23264499e-02 -2.63992213e-02  4.57078628e-02
 -4.45866100e-02  2.22765505e-02  5.22837825e-02  2.51471102e-02
 -7.66086951e-02 -2.93829460e-02 -1.51570678e-01  4.83679548e-02
  1.40649946e-02  8.22183639e-02  4.66622524e-02  4.63859662e-02
 -4.24948372e-02 -5.23877554e-02 -2.87855193e-02 -5.11205681e-02
 -2.42693326e-03  1.74442325e-02 -6.25555813e-02 -6.68357164e-02
  1.30470823e-02  2.94223018e-02 -7.26831378e-03 -4.61769216e-02
 -9.16018188e-02 -1.99238509e-02 -3.99139561e-02  3.71953249e-02
  8.77462551e-02 -8.10647104e-03  4.48104553e-02  1.42714288e-02
 -7.99507946e-02  2.10482012e-02 -4.64065224e-02 -6.02249543e-33
  1.85189079e-02 -1.38254920e-02  7.62672797e-02  9.60969031e-02
 -2.78426725e-02 -4.07604016e-02 -4.77473065e-03 -4.84560542e-02
 -4.96619102e-03  1.63007484e-04 -2.55354084e-02  1.19431324e-01
  1.28458710e-02 -5.86308492e-03  4.79140468e-02  5.35298698e-02
 -5.16205691e-02  7.84301956e-04  1.61210261e-02  2.80557219e-02
  3.52690630e-02  1.05307229e-01 -5.86712882e-02 -9.58698615e-03
 -2.59552468e-02 -7.19099119e-02  5.92531152e-02  2.19402406e-02
 -5.59981540e-02  2.24438356e-03 -4.67983522e-02 -3.92207243e-02
  6.10200688e-03 -6.10437430e-02  1.36865317e-04  6.20764820e-03
  4.39251453e-04 -4.86566797e-02  4.64425832e-02 -5.32990182e-03
 -2.45832298e-02  4.68739718e-02  3.86948809e-02 -2.15050075e-02
  6.71110451e-02  4.50469516e-02  3.12805027e-02 -5.99618740e-02
 -1.28944546e-01  3.05300076e-02 -2.46693455e-02  1.66039113e-02
  4.31027636e-02 -2.42516287e-02 -1.62884295e-02  4.45881337e-02
 -1.83702633e-02  1.38330653e-01 -7.04630464e-02  3.80263850e-02
  6.93532266e-03  5.06903306e-02 -8.16617534e-02 -4.76238690e-02
 -9.01069771e-03 -4.53604560e-04 -6.73469380e-02 -3.12546156e-02
  4.91161197e-02  2.28785514e-03  5.30530745e-03 -2.67506372e-02
  6.04832992e-02 -7.45330378e-03  2.91379187e-02 -6.55355081e-02
  1.95651073e-02 -7.07056932e-03  8.85074586e-03 -1.53788691e-02
 -4.45893593e-03  2.47753337e-02  5.36640845e-02  3.22595164e-02
  2.66526118e-02 -1.67425834e-02 -4.00679484e-02 -1.11189388e-01
  3.10090706e-02  6.31035343e-02 -2.67498344e-02 -2.35311966e-02
 -9.73192900e-02 -4.10608836e-02 -1.00213982e-01  2.65522207e-33
 -2.11052112e-02 -4.84613739e-02 -5.91521263e-02  4.71016429e-02
  7.27720708e-02  3.31615955e-02  1.71108767e-02 -3.45762745e-02
  1.02700651e-01 -3.62058170e-02  1.47905111e-01 -4.61333208e-02
 -6.36318922e-02 -3.52137573e-02  2.95470376e-02 -1.78870140e-03
 -7.75786787e-02  8.01994931e-03  3.82206105e-02  3.28617208e-02
  5.72396144e-02  1.02821797e-01  1.91512350e-02  1.18395217e-01
 -1.26030911e-02  1.66672580e-02 -4.95508197e-04 -1.33972690e-01
 -9.81248543e-03 -2.34807637e-02  4.75110710e-02 -1.23984972e-02
 -4.58989516e-02  4.59553413e-02 -2.88181771e-02  2.58621052e-02
 -2.42870711e-02 -3.16833444e-02 -1.49574438e-02  2.12389436e-02
 -2.55356599e-02  6.84077740e-02 -1.50586162e-02  5.71479835e-02
  1.04718348e-02  1.87205952e-02  4.60612960e-02 -6.26077726e-02
  5.25733829e-02 -2.92372284e-03  1.68632809e-02 -1.80002358e-02
 -1.61493775e-02  4.76213619e-02  2.72519011e-02 -8.56440589e-02
  1.00785181e-01 -6.75715059e-02  3.14087681e-02 -1.14393644e-02
 -3.68020944e-02  5.79152890e-02 -9.27110463e-02  8.65974203e-02
  2.44329665e-02 -1.90801229e-02 -2.48511191e-02  5.42078726e-02
 -8.00902247e-02 -4.65581939e-02  4.55794148e-02 -9.72872451e-02
  1.13255933e-01 -8.62436369e-02 -5.50571233e-02  8.36102739e-02
 -9.35299098e-02 -1.03453873e-02 -3.08915861e-02 -7.66838491e-02
 -5.58725856e-02 -5.05108573e-02 -1.53475069e-02  6.10740948e-03
  7.46508129e-03  9.44491178e-02 -5.11135347e-03  1.54303880e-02
  2.99641937e-02  3.35148945e-02 -2.61060782e-02  3.53252292e-02
 -3.86831872e-02 -2.80068833e-02  9.63621400e-03 -1.56562017e-08
  2.24483125e-02 -4.95145703e-03 -2.71939393e-02 -1.57088358e-02
 -4.93386425e-02  6.58172444e-02 -1.48522714e-02 -5.34882210e-02
 -2.93851346e-02  9.78750661e-02  3.79987806e-02  1.03457402e-02
 -4.84539233e-02  2.52512898e-02  2.93782800e-02 -2.70495806e-02
  5.44702411e-02  3.23050059e-02 -2.71866284e-02 -5.32871485e-02
 -3.96490004e-03  2.76498664e-02  6.34386390e-02 -4.76722382e-02
 -4.17221710e-02 -8.15824885e-03 -7.87761509e-02 -1.20679520e-01
 -6.13963902e-02  5.27541824e-02  7.94732422e-02  3.97421047e-02
 -3.45524400e-02 -5.68469502e-02  1.76775213e-02  4.77118716e-02
 -3.45747657e-02  3.03775985e-02 -8.50257277e-02  6.29318431e-02
 -2.69292369e-02  4.17775661e-02  2.41719582e-03 -1.01925880e-02
  5.80652170e-02  5.22844167e-03  1.07168555e-02  1.11125475e-02
 -5.08896308e-03 -4.57680076e-02  3.38305607e-02  2.65071113e-02
 -2.73193885e-02 -2.27416586e-02 -2.07096916e-02  2.91783884e-02
  7.27380998e-03  7.48988166e-02 -3.14712487e-02 -1.86414197e-02
  1.47037879e-01 -2.28425581e-02  3.28536816e-02  3.09645869e-02]","[-3.88333341e-03 -2.77327821e-02  2.15266645e-02  8.91771615e-02
 -2.87946332e-02 -8.32585096e-02 -4.44386713e-02 -2.10181717e-02
 -4.25684750e-02  3.16696763e-02  8.75181556e-02 -2.87460908e-02
 -1.34584084e-02  6.17103046e-03  2.67500691e-02 -1.34423509e-01
  1.98680505e-01 -5.27463108e-02 -7.37163574e-02 -3.98577005e-02
 -1.06666563e-02 -3.34078399e-03 -4.86008301e-02 -1.00076357e-02
 -4.46113199e-02 -3.23045813e-02 -9.44007561e-02 -4.48789261e-02
 -5.05508035e-02 -2.73177810e-02 -5.62286079e-02 -1.58696510e-02
 -2.43534483e-02  3.14883771e-03  2.40617376e-02  4.27111201e-02
  6.40632436e-02 -7.11257905e-02  4.74492349e-02  1.09669529e-02
  3.81491631e-02  6.63274725e-04  6.33127391e-02  7.67195672e-02
  4.41189064e-03 -2.04686970e-02 -6.22241758e-02  2.45594494e-02
 -6.42491058e-02 -5.29340357e-02 -6.32601604e-02 -1.19259395e-02
 -2.39694249e-02  4.54361178e-02  5.02854877e-04  4.67138179e-02
 -3.63131315e-02 -3.54981795e-02 -1.00468159e-01  7.19298795e-02
 -1.45259136e-02 -1.27855956e-03 -2.04504952e-02 -3.75787690e-02
  7.15440437e-02 -6.10944256e-02  2.08720975e-02 -1.60889886e-02
 -5.33518605e-02  4.57707979e-02  7.88404606e-03  6.60496280e-02
 -5.27891964e-02  3.86897922e-02  7.32958168e-02 -1.00194834e-01
  1.24116585e-01 -8.35313573e-02  9.16444696e-04  6.65037008e-03
  3.29737850e-02 -6.96187019e-02 -2.59221485e-03  1.92744136e-02
 -7.91091248e-02 -8.78742859e-02  1.33273795e-01  2.33601425e-02
 -6.50565401e-02 -9.28514004e-02  4.02670428e-02 -1.36101227e-02
 -1.27569996e-02  4.34293319e-03 -1.95010006e-02  6.84208497e-02
 -1.76729374e-02 -4.52422239e-02 -4.62717451e-02 -3.95199731e-02
 -1.66695341e-02  4.06573601e-02 -2.09168475e-02  6.72327727e-02
  1.15248319e-02 -2.91972458e-02 -2.53558699e-02 -1.09373778e-02
 -2.10857131e-02  1.08274013e-01 -3.32223959e-02  7.04482719e-02
 -1.26892161e-02  1.22061251e-02 -6.29537925e-02 -4.38458696e-02
 -6.21531941e-02 -3.88559140e-02  4.81479466e-02 -3.74359787e-02
 -5.74660413e-02  4.26927246e-02  1.19651295e-02  1.02880029e-02
 -4.18823510e-02  7.10199529e-05  9.55497846e-02 -7.42665805e-34
 -1.29009455e-01 -9.00766179e-02  4.23830412e-02  1.47672724e-02
  4.28263061e-02 -7.49738514e-02 -9.32411179e-02 -8.61675385e-03
  9.52737778e-02  2.80471388e-02 -9.91531760e-02 -9.26774591e-02
 -7.27565959e-02  6.41102642e-02  4.78299819e-02 -1.15086148e-02
 -8.21018592e-04  5.60832396e-02  3.98581065e-02  1.07639216e-01
 -6.08261786e-02 -1.06125958e-01  3.12802196e-02  1.01814698e-02
  8.52777436e-02 -7.14627514e-03 -5.17165661e-02  1.59741733e-02
 -1.80394780e-02  8.10119882e-03 -6.24456303e-03 -3.85795645e-02
 -3.68094444e-02  1.12972194e-02 -1.66490246e-02  8.10077228e-03
 -5.41567840e-02 -3.31132337e-02  8.32380634e-03  6.73496649e-02
 -2.49385033e-02  2.27960497e-02  4.06303369e-02  7.51887038e-02
 -4.35420908e-02  3.04631088e-02 -1.94941945e-02 -2.91654654e-02
 -3.07163335e-02  1.04282647e-02 -8.29453301e-03  3.50262038e-02
  5.28898723e-02  5.19699231e-03  2.49518063e-02 -3.43392305e-02
  8.61888900e-02 -2.11402792e-02 -3.79850529e-02  5.49748652e-02
 -6.03670701e-02  1.84968933e-02 -2.19809990e-02 -3.87193747e-02
  5.74178137e-02 -3.50116123e-03 -5.69284484e-02 -1.51144173e-02
  4.36610207e-02 -3.94113688e-03  7.48110842e-03 -3.18693705e-02
  1.67015884e-02 -6.15247563e-02  5.59743941e-02 -5.02528716e-03
  5.39381839e-02  1.18598575e-02  1.91811826e-02 -7.90837035e-02
  1.75162442e-02  5.19128796e-03  3.36759649e-02 -2.37025302e-02
 -6.76094294e-02  1.16043519e-02 -4.85092364e-02  1.32087730e-02
  9.79376808e-02  8.65028650e-02 -2.63153426e-02 -7.45871291e-03
  1.15354545e-02  2.42132470e-02  1.60524193e-02  8.15507471e-34
  9.63212363e-03  1.08832764e-02 -6.82868063e-02  9.44390446e-02
  7.67906522e-03 -3.00899008e-03  1.91049334e-02 -2.05012653e-02
  6.39585778e-02  1.77991766e-04 -5.88992350e-02 -5.55149093e-03
  3.88976857e-02 -2.90806107e-02 -1.81416050e-03  6.22801259e-02
  2.37228163e-02  3.48488358e-03  6.81509301e-02 -1.11627569e-02
 -5.50581515e-02  4.60873619e-02  2.63002589e-02  2.20789406e-02
 -1.95850879e-02  6.26093149e-02 -6.51743868e-03 -1.53713794e-02
 -7.89609998e-02 -1.09302372e-01 -1.97811332e-02 -3.35385241e-02
  3.55683081e-02  1.89215690e-02 -5.39156189e-03  1.10190615e-01
 -5.29062599e-02  4.69996184e-02  9.37787741e-02 -2.01561081e-04
  2.03541964e-02  5.06094284e-03  8.76324624e-03  5.79550900e-02
 -9.04637948e-03 -8.64533242e-03  9.59043950e-03 -8.24131444e-02
  9.14262906e-02  1.03859447e-01  3.47410183e-04 -7.69460797e-02
 -3.74951102e-02  4.13381904e-02 -7.57723348e-03  4.52780835e-02
 -6.53577643e-03 -6.41198130e-03  4.79881726e-02 -2.60004625e-02
  6.05534250e-03 -2.08674604e-03  7.93694407e-02 -1.94818098e-02
 -4.70820814e-03  8.76232889e-03  4.06392626e-02  6.50646351e-03
  9.85104069e-02  1.29426336e-02  3.56024094e-02  1.41503271e-02
  8.13003629e-02 -1.75436214e-02 -1.89798977e-02  2.41860058e-02
 -4.95420024e-03  6.94350805e-03 -6.24254495e-02  2.18851566e-02
 -3.98911163e-02  3.14357840e-02 -2.83034146e-02  8.04944802e-03
  3.81246246e-02 -5.15420921e-02  3.60583328e-02 -6.99783117e-02
 -1.12695259e-03  6.51179403e-02  2.05705874e-02 -2.14475486e-03
  7.37445727e-02  3.30977254e-02  3.54118347e-02 -2.04599573e-08
  8.01066309e-02 -9.16632861e-02 -1.19734239e-02  2.90688816e-02
  4.02723849e-02  1.53484941e-02 -3.66518311e-02 -1.71029959e-02
  2.51058284e-02  8.06475133e-02 -6.61172643e-02  1.40990138e-01
 -1.62604526e-02  6.86575025e-02 -1.92287657e-02 -3.03821894e-03
 -4.00773529e-03  2.91612148e-02 -5.56491502e-02 -1.07129678e-01
 -4.29747403e-02  4.17713225e-02  2.97177117e-02 -2.78869420e-02
  4.20727134e-02  4.63148877e-02 -1.19740227e-02 -1.50647797e-02
  7.83540234e-02 -4.04228792e-02 -4.30253781e-02  6.94289571e-03
  2.33882759e-02  5.31049930e-02  3.44759971e-02 -1.73441470e-02
 -3.25907804e-02  1.08668253e-01 -1.02657545e-02 -1.00970715e-02
  3.29879969e-02 -3.31982854e-03 -4.60451767e-02 -1.23017039e-02
 -8.05510115e-03  3.68493702e-03 -1.44429237e-01  9.50593799e-02
 -5.53727932e-02  1.34256676e-01  4.76945788e-02  1.78115424e-02
  7.05844199e-04  5.02223447e-02 -1.21704079e-02 -3.42940190e-03
 -4.43077497e-02 -4.95225936e-02  1.28132790e-01  8.38654488e-02
 -6.79925382e-02  2.21497864e-02  8.49229842e-03 -2.21587513e-02]","[-1.91311240e-02  1.01341205e-02  3.26488912e-02  1.18042462e-01
 -4.29617167e-02 -2.76607927e-02 -1.75820086e-02 -2.93187555e-02
 -2.11622342e-02 -5.67748584e-03  8.76325294e-02 -1.42512741e-02
 -8.33960529e-03  3.74778099e-02  5.23510799e-02 -1.19141541e-01
  1.30646661e-01 -9.30119399e-03 -5.92896380e-02 -1.19086362e-01
 -2.24893633e-02  8.46840208e-04  1.29342843e-02 -1.06340423e-02
 -7.39875138e-02 -4.11561392e-02 -7.16362968e-02  8.56123585e-03
 -6.08523330e-03  5.31603675e-03 -1.18345600e-02  2.71822643e-02
  1.78431366e-02 -6.47167023e-03 -2.15445366e-02  8.75378251e-02
  2.79322062e-02 -7.55911395e-02  1.63683258e-02  3.80089460e-03
  3.41553278e-02 -7.58012235e-02  2.98499558e-02  1.86390914e-02
 -2.27535218e-02  8.73113889e-03 -1.99640542e-02  1.03841331e-02
 -1.42906029e-02 -4.34177369e-02 -1.57160610e-02  1.15480758e-02
  2.25777775e-02 -3.14111523e-02 -2.51238532e-02  1.04465537e-01
 -2.62069330e-02 -6.85248226e-02 -6.94836825e-02  2.26489119e-02
 -7.67909549e-03  9.07946937e-03 -8.12978297e-02  3.32743954e-03
  3.53377387e-02 -5.33581525e-02 -1.02057280e-02  6.52783364e-02
 -4.80553545e-02  9.10187047e-03  3.74241881e-02  3.64488438e-02
  2.02495251e-02  3.02226786e-02  6.28935769e-02 -3.29305269e-02
  8.17175508e-02 -4.64894027e-02  4.22620028e-02  3.80221494e-02
  8.00903738e-02 -4.27225232e-02  1.02348961e-02  7.84302279e-02
 -7.54288733e-02 -1.77171230e-02  8.52760077e-02  4.31631729e-02
  3.08111813e-02 -4.50119115e-02  3.37824151e-02 -8.96206312e-03
 -5.95960654e-02  6.68831682e-03 -5.73423430e-02  4.75957803e-02
 -2.37952005e-02 -3.93252894e-02 -1.18541326e-02 -2.11199783e-02
 -2.77506188e-02 -5.18484414e-02 -6.30458519e-02  1.89822186e-02
  5.88716008e-04 -6.22081794e-02 -2.68186517e-02 -1.94594823e-02
  6.97701378e-03  6.03024364e-02 -4.60180603e-02  7.35796615e-02
 -1.26816833e-03  2.67627034e-02 -3.75797674e-02  4.69821244e-02
 -9.42747667e-02 -4.66568656e-02  5.59230223e-02 -3.74802314e-02
 -4.63379733e-02  8.87207836e-02  3.95686962e-02 -3.56594659e-02
 -4.09059525e-02 -3.17182811e-03  1.15079634e-01 -1.93131426e-33
 -8.56981948e-02 -4.60160263e-02  3.68289016e-02  3.37984860e-02
  9.19284299e-02 -2.80036815e-02 -1.02714047e-01 -1.72723271e-02
  1.08684443e-01 -4.26642708e-02 -4.93335277e-02 -3.62950079e-02
 -2.41381284e-02  2.22332440e-02  8.23268760e-03 -1.47075923e-02
 -4.00073193e-02  1.22928619e-01  4.88635749e-02  1.22921228e-01
 -4.29904535e-02 -1.32252976e-01  3.51864509e-02  3.12165581e-02
  6.05114326e-02  5.93366055e-03  3.54830129e-03  2.58117523e-02
  1.60558168e-02 -1.66142117e-02  3.93227451e-02 -1.50462948e-02
 -7.43507072e-02 -1.83514319e-02 -5.41972592e-02  2.45332345e-02
 -3.86656821e-02 -2.54283566e-02  6.28979411e-03  3.77575904e-02
 -7.17149535e-03  4.62758653e-02  7.15991855e-02  9.09885913e-02
  1.33628324e-02  7.38236457e-02 -2.36715227e-02  4.14314773e-03
 -2.30870433e-02  7.92121142e-03 -4.18373421e-02  4.14261483e-02
  6.24822266e-02 -5.02379015e-02 -3.38341668e-02 -5.13202995e-02
  2.04739496e-02 -3.69740501e-02  1.06341310e-03 -2.96899211e-02
 -3.15926187e-02  9.57215670e-03 -5.73474728e-02 -4.50173691e-02
  6.16133511e-02 -7.09976209e-03 -7.20702531e-03 -2.05911901e-02
  4.22262959e-02  2.33430117e-02 -1.33731933e-02 -2.25969218e-02
  4.67141680e-02 -3.03995423e-02 -1.53825916e-02 -9.00881551e-03
  1.66149493e-02  1.47758331e-02  2.72764228e-02 -5.92423975e-02
  7.35286996e-02  2.55545042e-03  2.45335456e-02  1.65260322e-02
  2.84355637e-02 -4.32959683e-02 -4.43308875e-02  4.05851640e-02
  9.76678282e-02  1.15139335e-01 -2.44337413e-02 -1.34519665e-02
  6.12185374e-02  1.06323078e-01 -5.50906546e-03  2.12183967e-33
  4.27255258e-02 -2.76514255e-02 -6.46720454e-02  1.17300458e-01
  4.04364094e-02  8.12943466e-03  1.27935838e-02 -1.01808615e-01
  6.68084398e-02 -5.20051178e-03 -8.21234137e-02 -1.50400726e-02
  6.11830056e-02 -4.27941754e-02 -7.07394853e-02  6.93347007e-02
 -4.32768650e-02  2.83193104e-02  3.41509935e-03  2.48865355e-02
 -3.42323519e-02  4.25653495e-02 -1.05133848e-02  7.50892833e-02
 -1.62145235e-02  6.74258992e-02 -3.86216976e-02  1.55177456e-03
 -1.33687347e-01 -6.23630472e-02 -7.47920945e-02 -2.95489747e-02
 -1.02807144e-02  3.28350477e-02  1.56300738e-02  4.90071252e-02
  1.96510404e-02 -2.21053772e-02  6.70383349e-02  8.03324282e-02
  4.71403599e-02 -1.22664236e-02 -5.43387001e-03  6.41647875e-02
 -1.55724837e-02  2.74836440e-02  4.03475501e-02 -9.65317413e-02
  6.09646589e-02  5.10976426e-02  5.39386347e-02 -8.18469077e-02
 -6.99339435e-02 -2.72365455e-02 -5.14079258e-03  3.22321244e-02
 -3.13168205e-02 -9.20998529e-02 -5.21184644e-03  2.50160638e-02
 -9.89647955e-03 -1.76981390e-02  8.22634399e-02  3.42921284e-03
  8.14358611e-03  2.31691841e-02  4.73243482e-02 -2.49679144e-02
  8.90303701e-02  1.63606610e-02  6.84590042e-02 -3.08142267e-02
  7.74312066e-03 -7.55816922e-02 -2.35236213e-02 -1.15466220e-02
  1.58841573e-02 -2.04493422e-02 -1.05447896e-01  3.81008871e-02
 -6.54033348e-02 -3.56182992e-03 -2.71664802e-02  5.30979820e-02
  3.80943306e-02 -1.13710165e-02  1.57139376e-02 -6.28974363e-02
  2.35121548e-02  5.18054478e-02 -6.19719811e-02  3.18381051e-03
  9.62162483e-03  3.69969197e-02  3.61414030e-02 -2.19761542e-08
  3.97073664e-02 -1.19378261e-01  4.12999699e-03  3.73655371e-02
 -1.58252213e-02 -8.73574391e-02 -4.32191975e-02 -1.77456904e-02
  4.04618382e-02 -1.40669453e-03 -9.03657079e-02  1.47942334e-01
  1.96940601e-02  5.89971691e-02  4.33232933e-02 -4.36015651e-02
  7.91645423e-03  6.22609966e-02 -8.13415870e-02 -7.82856867e-02
  8.88808790e-05  2.42966823e-02  7.40467533e-02 -4.71374914e-02
  2.67648324e-02  2.78780460e-02 -3.67889665e-02  4.01331857e-02
  7.63455704e-02 -7.53384409e-03 -2.24293750e-02 -4.98712063e-02
  3.36288065e-02  1.10265939e-03  3.67426835e-02 -4.40426953e-02
  1.59777720e-02  5.73731624e-02  1.58258211e-02 -3.19439806e-02
 -5.82600536e-04  8.30158684e-03 -7.49868304e-02  1.84281338e-02
 -5.94292954e-02 -5.70576042e-02 -1.19672760e-01  1.50749058e-01
 -2.68870983e-02  9.45575163e-02  3.36906612e-02  8.23564176e-03
  3.69365700e-02  5.48546836e-02 -4.69259918e-02 -8.61420203e-03
 -2.61138398e-02 -7.04366341e-02  1.34934872e-01  8.63847062e-02
 -5.47811314e-02  3.70180048e-02 -2.40952261e-02 -3.76485214e-02]","[ 1.17882900e-02  1.22811515e-02  5.01324348e-02  6.80551976e-02
 -3.06629632e-02  4.00471613e-02  1.25129183e-04 -1.03091225e-02
 -2.91896872e-02 -7.59729967e-02  1.14550978e-01 -1.56581569e-02
  5.92226759e-02 -3.90889011e-02  4.51163761e-02 -1.21752582e-01
  1.44204170e-01 -4.70513850e-02 -1.11056797e-01 -4.40394804e-02
  4.25878866e-03  3.07006016e-03 -3.96151654e-02  4.70367745e-02
 -7.10735023e-02 -6.50530532e-02 -1.56656057e-02 -2.19135936e-02
 -3.95043828e-02 -6.60686344e-02  1.78834628e-02  2.11502053e-02
  1.87413581e-02 -4.59692962e-02  1.57927647e-02  1.52266249e-02
  7.41272345e-02 -9.33546573e-02  5.49467877e-02 -3.12164631e-02
  1.44133801e-02 -3.67856622e-02 -6.36395961e-02  3.58223990e-02
 -2.71566380e-02 -4.96513695e-02 -3.58327031e-02 -4.38503549e-03
 -9.64960456e-03 -3.26212719e-02 -1.41258463e-02 -9.16787758e-06
  9.46565252e-03 -2.00604461e-02  5.30336890e-03 -8.23324621e-02
 -6.85972627e-03 -5.69490530e-02 -6.30266964e-02  9.33972746e-02
  1.82401277e-02 -7.27010071e-02 -1.00241061e-02 -7.68792396e-03
  5.49726896e-02 -2.67129652e-02 -5.26861250e-02 -1.62060163e-03
 -3.02457251e-02  7.06859827e-02  1.49590299e-02 -7.44402483e-02
 -1.44263739e-02  2.93787755e-02  3.58394235e-02 -2.64734887e-02
  7.86770284e-02 -6.77190274e-02  6.84018387e-03  7.08975792e-02
  6.02166653e-02 -2.90224180e-02 -8.23052693e-03  8.93293768e-02
 -4.76708300e-02 -6.08999580e-02  4.40428630e-02 -3.32633033e-02
  1.06029818e-02 -4.19273525e-02  2.36886144e-02  4.52910662e-02
  4.77143042e-02  4.35431413e-02 -1.45934578e-02  2.37289835e-02
 -3.56413722e-02 -1.16259545e-01 -3.14360857e-02  5.92849776e-02
 -5.27540036e-03  1.37837408e-02 -5.15497196e-03 -3.64320986e-02
 -3.43003646e-02 -8.35596323e-02 -4.85209674e-02 -4.59472183e-03
 -4.92883660e-02  1.02421969e-01 -4.77677099e-02  3.05897202e-02
 -8.47799238e-03 -5.20370789e-02  1.57759041e-02  5.70207760e-02
 -2.51479503e-02 -3.80282253e-02  2.46513449e-03 -1.94368698e-02
 -3.89098004e-02  4.68903594e-02  4.63278554e-02 -2.76258867e-03
 -5.30030355e-02  6.12259936e-03  1.55062333e-03 -1.44970201e-33
 -1.33520067e-01 -2.43126974e-02  2.11695805e-02 -2.01299023e-02
  7.19462186e-02 -4.19531465e-02 -1.84939578e-02  6.05627941e-03
  7.50119835e-02  5.56164086e-02 -3.41451801e-02 -6.77211583e-02
  6.25288766e-03  1.39385900e-02  7.31187165e-02  3.78408134e-02
 -9.46203992e-03  1.10542692e-01  5.21265157e-02  1.38488458e-02
 -4.58408520e-02 -5.44668138e-02  4.05083820e-02  3.43594737e-02
  1.51353981e-02  1.08412253e-02 -2.09753886e-02  4.38856110e-02
  6.49014041e-02 -9.51592065e-03  3.83897126e-02 -2.45204642e-02
  4.43286784e-02 -1.74217615e-02 -1.81294251e-02  5.39899766e-02
 -9.24273506e-02 -2.90597382e-04 -3.59492451e-02  1.10073760e-02
 -5.67441098e-02  3.89303304e-02  8.13008007e-03  1.07963294e-01
  5.90539277e-02  3.56415734e-02  4.84650880e-02 -9.95647460e-02
 -8.69549438e-02 -2.25772659e-04 -8.80742818e-02  9.22150910e-03
  6.63772747e-02  7.20564127e-02 -6.38274550e-02 -3.83588187e-02
  4.61724699e-02 -7.19808638e-02 -1.59413163e-02 -7.92126656e-02
 -2.35299803e-02  5.91818755e-03 -4.75385524e-02 -1.51249990e-02
  3.90806459e-02 -1.03836432e-01  2.48116571e-02 -8.80818591e-02
 -3.91859300e-02 -6.91941334e-03  4.98576201e-02  3.88887222e-03
 -4.77302354e-03 -1.84305981e-02  1.12475762e-02 -6.80899695e-02
 -8.20271671e-02  4.96875308e-02  1.25386864e-01 -7.20381737e-02
  7.92293996e-02  2.48268265e-02  3.80708463e-02  1.39465220e-02
 -7.47208809e-03  6.51355311e-02  5.39789610e-02 -4.93247546e-02
  3.19290385e-02  1.49970829e-01 -2.35354938e-02  2.13172864e-02
  1.32801104e-02  1.05343662e-01  4.98969518e-02  1.39832480e-34
 -6.28564507e-02  7.67946839e-02 -1.16427012e-01  5.37613966e-02
 -5.61990403e-02  2.48005372e-02 -3.45935859e-02  2.34783702e-02
  6.99915662e-02  2.34524976e-03 -8.46193731e-02  2.02456340e-02
  2.58672647e-02  1.02508329e-02 -2.80456170e-02  6.40698150e-02
  9.24197733e-02  2.02008560e-02 -1.30157871e-02 -9.45688188e-02
  2.73852330e-02  1.47489076e-02 -8.61856192e-02  2.87430100e-02
 -6.92895949e-02  7.23380372e-02  4.36578831e-03 -2.69190571e-03
 -1.09643742e-01 -1.28221303e-01  1.15804272e-02 -1.70668159e-02
  7.49359652e-03  9.01778340e-02  4.59817093e-04  3.97754386e-02
 -2.60991603e-02  2.87385844e-02  2.42818631e-02  4.00503725e-02
  1.63011141e-02  4.54285070e-02  1.51350256e-02  1.59330163e-02
 -2.29269974e-02 -1.75703559e-02  7.63579011e-02 -1.09671704e-01
  9.34043676e-02  3.76984254e-02  1.20117720e-02 -3.70077118e-02
 -2.07929704e-02  2.48749517e-02 -6.18163943e-02  3.62139605e-02
  5.82464002e-02 -3.35026942e-02  3.65060754e-02  6.27989471e-02
  1.81436371e-02  6.60195574e-02  7.22145149e-03  1.83246806e-02
  4.08400632e-02 -2.83972844e-02  9.31539293e-03  1.07031306e-02
  1.12171344e-01 -1.72098130e-02 -8.11033417e-03  6.55308273e-03
 -1.47447521e-02 -3.79397310e-02 -6.25270456e-02 -4.53465171e-02
 -8.58681202e-02  3.66295651e-02 -9.09387320e-02 -1.11945886e-02
  5.35289012e-02 -6.92347810e-02  2.43883636e-02  3.65368128e-02
  1.02163674e-02 -4.39390395e-04  9.68106613e-02 -4.30250056e-02
  2.32914090e-02  7.58989975e-02 -7.47169778e-02  1.50453579e-02
 -3.70323621e-02  3.60788852e-02  3.60239223e-02 -2.23787104e-08
  8.58568922e-02 -4.99308594e-02  6.33190759e-03  3.17560658e-02
  4.42412011e-02 -4.71422374e-02 -4.14878577e-02  9.70802177e-03
 -2.28045825e-02  7.45811015e-02 -8.32308978e-02  2.54879389e-02
 -5.05823120e-02  5.40962704e-02 -1.27220666e-02  2.84112636e-02
  7.78159350e-02  1.95999332e-02 -6.88221082e-02 -3.88202653e-03
 -4.73217145e-02  6.44188076e-02  1.59310009e-02 -8.89139101e-02
  7.86176994e-02  1.22348266e-02  3.02062146e-02  4.57992852e-02
  6.95081353e-02  5.58884107e-02 -2.25033239e-02 -3.08407024e-02
  6.23838510e-03  2.16612406e-02 -7.39769191e-02  2.48669237e-02
 -7.03421459e-02 -2.82177106e-02 -3.05573046e-02 -3.18887010e-02
 -6.02351427e-02  6.16091192e-02 -1.66214872e-02  3.34452651e-02
  7.57144298e-03  4.63703094e-04 -8.09464306e-02  5.20088822e-02
  5.32370806e-03  6.70424625e-02 -1.65919382e-02 -5.82779152e-03
  5.33145629e-02  4.80534360e-02 -3.12279980e-03 -4.94731888e-02
 -9.22071282e-03 -1.05513176e-02  8.54790360e-02  5.98548315e-02
 -8.41847714e-03 -3.90396230e-02 -2.22933926e-02  1.51435835e-02]",1,2024-02-22 19:04:53,3
1,"[ 9.79141518e-03  1.74173508e-02 -3.45038138e-02 -4.44411784e-02
 -1.10555686e-01 -5.65028973e-02  8.54264349e-02  1.23767667e-01
 -5.46337441e-02 -7.68201128e-02 -2.77106967e-02  4.50562425e-02
  2.19637193e-02 -3.03982440e-02  7.60118589e-02 -3.05155106e-02
  1.47972614e-01 -4.86891381e-02 -5.84136881e-02 -3.96584049e-02
 -7.61258826e-02 -1.67395901e-02 -4.36214916e-02  5.74235059e-02
 -6.67466968e-02 -1.28860129e-02 -4.14839424e-02  2.61810739e-02
  6.34639934e-02 -2.59940363e-02 -1.22232223e-02  5.45269325e-02
  8.72683674e-02  8.36344436e-03  7.75180897e-03  8.71797204e-02
  1.59746278e-02 -1.11414082e-01 -3.19517264e-03 -3.49230841e-02
 -4.47072499e-02 -4.57055047e-02  7.40916561e-03 -3.22120241e-03
  1.79322641e-02 -1.23515904e-01  7.13832527e-02  7.99359847e-03
  2.99259443e-02  6.49944022e-02 -6.45321384e-02  2.06734589e-03
  1.09320106e-02 -8.23838860e-02  3.56884412e-02  6.13288134e-02
  1.95953641e-02 -3.63042802e-02 -3.63562852e-02 -5.94121590e-03
 -4.36804444e-02 -8.82282015e-03  3.72605398e-03  4.71414998e-02
  1.34096056e-01 -1.58152599e-02 -9.50356871e-02 -5.19696325e-02
 -8.01967010e-02 -3.13554965e-02 -3.74245010e-02 -5.56947626e-02
 -7.74621870e-03  5.82831167e-02  4.31163236e-02  5.15358290e-03
  4.46251780e-03 -6.26438633e-02  1.09777385e-02  6.58140779e-02
  3.24395522e-02 -6.37968332e-02 -3.05148810e-02  9.89610180e-02
 -1.76684689e-02 -8.68894309e-02  5.78286462e-02 -5.25765531e-02
 -6.36069924e-02 -1.31071908e-02  7.25467205e-02  9.60226133e-02
 -1.34384409e-02 -3.41772772e-02  7.54919928e-03 -1.57382023e-02
 -4.40799557e-02 -3.07167470e-02 -8.13382268e-02  4.00299951e-02
  1.42666735e-02  5.42358421e-02  2.25435048e-02 -2.60829423e-02
 -9.59224924e-02 -6.14450090e-02  7.66248815e-03  7.05506802e-02
 -8.13244097e-03  2.61728261e-02 -1.49540544e-01 -7.50952289e-02
  4.92097922e-02 -3.64398845e-02  7.60438889e-02 -3.49090807e-02
 -6.62588775e-02  5.25845923e-02  3.42477084e-04  2.76147109e-02
  6.48294762e-02  1.43595692e-02  4.63010445e-02 -4.10939232e-02
 -2.73891035e-02 -7.01885251e-03  2.71254573e-02 -6.07533060e-33
 -1.05665065e-01  8.85674134e-02  5.22469915e-02  6.83573857e-02
 -2.72354558e-02 -2.59330701e-02  5.15126996e-03  2.40993928e-02
 -5.07718138e-02  1.82821825e-02 -2.88336575e-02  1.21092789e-01
 -1.09656397e-02 -7.37507362e-03  4.27473560e-02  6.67869598e-02
 -4.23816890e-02  1.22351572e-02 -3.52621786e-02  4.72313836e-02
 -2.00471301e-02 -3.35972174e-03 -1.08663505e-02  3.63472700e-02
 -8.24696326e-04 -2.05360204e-02  6.06330708e-02  6.55973703e-02
  1.17517319e-02  8.34296050e-04  4.18808684e-02 -8.89259353e-02
 -2.26943754e-02  1.56930592e-02 -5.42027093e-02  8.38163216e-03
 -4.96614762e-02 -2.76170317e-02  5.46416230e-02 -3.85396020e-03
 -1.18032180e-01  2.89226249e-02  2.58710478e-02  7.25988820e-02
  2.93749273e-02  1.12882167e-01  2.75707487e-02 -4.06223275e-02
 -6.62087649e-02  1.93052236e-02 -7.45674074e-02 -3.83546250e-03
  4.18703109e-02  1.21779799e-01 -4.89919595e-02  6.19214699e-02
  7.70842135e-02  3.62022370e-02 -4.96226130e-03 -3.01087126e-02
 -2.62562558e-02  1.85971707e-02 -9.26456749e-02 -6.69529364e-02
  3.71048762e-03  7.66932219e-03  1.21347047e-02 -7.83405080e-02
  6.04833439e-02  1.09541137e-02  2.42741629e-02  1.29502397e-02
  3.36229876e-02 -3.44567150e-02 -4.09966335e-02 -2.90549640e-02
 -4.82061021e-02  3.51334326e-02  8.24039876e-02 -1.09435339e-02
 -1.41512956e-02  5.45970490e-03  5.67091703e-02 -2.35105343e-02
  8.29693228e-02  6.36980236e-02 -1.71155538e-02 -1.12938680e-01
 -3.19764987e-02  1.02875672e-01  2.00944077e-02  7.64595419e-02
  1.15357162e-02  3.65773775e-02  9.43514891e-03  4.28515115e-33
  3.35799418e-02  7.76958978e-03 -7.29019940e-02  6.47110939e-02
 -2.27245577e-02  2.61214841e-02 -5.79309352e-02 -2.53063627e-02
 -1.78607460e-02  3.31835784e-02  4.46141511e-02 -4.89412919e-02
 -8.06977600e-03 -3.67672811e-03 -3.17271389e-02 -1.37650464e-02
  4.46287468e-02 -5.59788048e-02  5.47645912e-02 -1.71364397e-02
  3.24142650e-02  5.31286895e-02 -4.52950224e-02  4.22280841e-02
 -4.38394770e-02 -3.85567136e-02 -8.28195214e-02 -1.51676923e-01
 -8.49464850e-05 -6.57429546e-02 -6.40343991e-04 -5.48966639e-02
 -4.21396606e-02  6.63420931e-02  1.42518505e-02 -2.54282039e-02
 -2.42720004e-02  1.19406711e-02 -4.82217502e-03  8.49381462e-02
  4.13143672e-02 -2.65997611e-02  1.86626390e-02 -5.20217372e-03
  8.37003812e-03  3.44999582e-02  2.74866745e-02 -1.34126887e-01
  5.57680614e-02  1.76398009e-02  8.50548781e-03 -3.61817330e-02
  1.91393141e-02  3.83437462e-02  6.87757693e-03 -1.44290915e-02
  1.02147549e-01 -5.29442839e-02  1.35758463e-02 -2.35131402e-02
  5.10221487e-03  4.29799967e-02 -1.09888399e-02  3.00545935e-02
  6.37013018e-02 -4.52788211e-02  4.11255360e-02 -2.96778399e-02
 -3.66698131e-02 -1.35999983e-02 -4.64101508e-02 -5.15086576e-02
  8.70485157e-02  1.41489906e-02 -1.03507526e-01  5.65945841e-02
 -4.23413031e-02 -6.74192831e-02 -3.20538543e-02 -6.84531927e-02
 -7.30913803e-02 -2.28444282e-02  1.23070879e-02  1.95991267e-02
 -4.85436013e-03  3.30602825e-02  5.97302020e-02 -3.08922492e-02
  4.93644970e-03 -8.07147939e-03 -3.39951813e-02  1.04406700e-01
 -4.35322896e-02 -4.71269451e-02 -3.28295457e-04 -1.79858581e-08
 -5.59076928e-02 -5.30182943e-02 -5.27361557e-02 -5.37273660e-03
  2.13677455e-02  1.12700732e-02 -8.50060373e-04  6.49724528e-02
  3.43128387e-03  6.36507794e-02 -5.17975129e-02 -1.97335966e-02
 -1.28897890e-01  7.53702074e-02  8.75976011e-02  4.51189689e-02
  6.74443170e-02  7.07344636e-02 -9.43623483e-03 -1.80520508e-02
  5.00217825e-03  9.42585170e-02  3.59809473e-02 -1.51951413e-03
  4.83921543e-03  4.31195684e-02 -8.03422648e-03 -3.17663029e-02
 -3.12913395e-02 -3.28320707e-03  2.53582392e-02  4.65591811e-03
  1.62458308e-02 -2.52914857e-02 -4.68478422e-04  8.93659145e-03
 -6.16956130e-02  1.08876396e-02 -2.04195874e-03 -8.67358688e-03
 -7.39409402e-03  9.82040316e-02 -2.73333993e-02  2.72500776e-02
  9.42687467e-02  4.24220674e-02  2.23769136e-02  3.83621082e-02
 -3.32057551e-02  3.17919850e-02  1.25991441e-02  1.72447339e-02
  1.41820905e-03 -4.13579009e-02 -3.01102772e-02 -1.22142108e-02
  2.45767832e-02  8.39618559e-04  1.60457343e-02  5.83634041e-02
  1.07414991e-01 -2.62964459e-04  2.09173560e-02  5.81204481e-02]","[ 6.41367882e-02  6.16424065e-03  2.05679261e-03  7.94568751e-03
 -6.08881302e-02  2.67028362e-02 -1.02585703e-01  1.89263336e-02
 -5.83699085e-02 -6.55751973e-02 -8.28847289e-02 -1.43407183e-02
  4.14503142e-02 -4.47440669e-02 -3.34391929e-02 -4.62295376e-02
  8.60563144e-02 -2.42056716e-02  1.73558900e-03 -8.90308768e-02
 -3.45184170e-02  1.33089097e-02  4.76599252e-03  4.47413586e-02
 -5.51523156e-02  2.48859506e-02 -8.69298726e-02  2.45915689e-02
 -4.39563431e-02 -8.52852091e-02 -1.65112633e-02 -1.57681964e-02
  4.01508771e-02  5.00702020e-03  2.97618322e-02  8.39821696e-02
  5.41806258e-02  6.49924800e-02 -2.73968582e-03 -2.40707416e-02
 -3.95717770e-02 -2.10111472e-03  5.45102470e-02 -5.49669750e-02
 -1.64573900e-02 -1.12439319e-01 -2.27136887e-03 -1.82076879e-02
 -4.92411107e-02  2.98403651e-02 -8.25358927e-02 -6.43165410e-02
  1.98542885e-02 -5.42141013e-02  6.23050146e-03  3.18927020e-02
 -1.68910865e-02 -1.44659830e-02 -6.59318417e-02 -5.65475179e-03
  3.76548059e-02  1.99927334e-02  5.70348743e-03  3.30093727e-02
  1.17456764e-01 -1.82628203e-02 -5.75284511e-02  1.57559253e-02
 -6.23275042e-02  3.43107171e-02 -2.46539013e-03 -9.20117050e-02
 -3.00642643e-02  5.86367473e-02  7.76143521e-02  6.40980154e-02
 -7.51633644e-02 -3.34969833e-02  1.12232370e-02  2.55710469e-03
  5.73127344e-02 -1.05844922e-02 -2.49631573e-02  1.05041549e-01
  2.36093532e-02 -8.61409009e-02  6.43322095e-02 -6.53054863e-02
 -2.76353210e-02 -4.39453274e-02  3.27781178e-02 -4.72652726e-03
 -9.87777673e-03 -1.98521856e-02  2.03618482e-02  7.04728737e-02
 -1.35057084e-02 -8.65103751e-02 -5.53782508e-02  4.99039181e-02
  2.69212597e-03  7.24865645e-02 -1.67252719e-02 -3.91817316e-02
 -2.66270316e-03  7.02004647e-03  1.03859818e-02  1.54845091e-02
 -1.75884776e-02 -1.64770037e-02 -1.46419480e-02  5.46129607e-02
 -4.51867282e-02 -3.64307538e-02  3.61735150e-02 -6.00841269e-02
 -5.16319200e-02  2.65955701e-02  3.02751586e-02  5.12441248e-02
  6.67460859e-02  3.80261196e-03  2.58392971e-02 -1.64689235e-02
 -2.77901050e-02  4.56898212e-02 -5.14023900e-02 -4.42112462e-33
  3.02768294e-02  5.24494015e-02  2.83913556e-02  6.01824857e-02
 -4.05235626e-02 -5.49165718e-02 -4.29649390e-02 -3.44882570e-02
 -3.38458717e-02  2.33304389e-02  1.89917162e-02  5.66194654e-02
  3.36882174e-02 -4.88793142e-02  1.37864619e-01  4.99741361e-02
 -5.33245653e-02 -7.38722691e-03 -3.07200123e-02  3.08051072e-02
 -2.20784731e-02 -1.79444477e-02  2.27132700e-02 -6.18122332e-02
  2.05724705e-02 -1.02811148e-02 -5.13549196e-03  4.43891250e-02
 -6.30574599e-02 -1.39816082e-03  2.86678448e-02 -1.20229237e-02
  1.82054117e-02 -3.48503748e-03 -2.32491735e-02  6.45071641e-02
 -2.54102796e-02 -3.02436538e-02  8.63334909e-02  1.68517902e-02
 -1.03976496e-01  1.44541275e-03 -8.58890731e-03  5.55263273e-03
  1.27356544e-01  1.32673100e-01  3.80739123e-02 -8.76618028e-02
 -7.74271740e-03  2.86565889e-02 -6.68510422e-02 -8.02737568e-03
  3.12392544e-02  4.51663099e-02  5.70927560e-02  1.62778609e-02
  3.09743769e-02  3.31431292e-02  1.79767516e-02  2.02576909e-03
 -2.30900347e-02  5.64008057e-02 -1.33130670e-01 -6.16234541e-02
 -2.10237633e-02  9.23429802e-03  2.29336079e-02  2.27787308e-02
  5.25336899e-02  4.34685778e-03 -9.48170125e-02 -3.31610739e-02
 -6.72457591e-02 -2.72325166e-02  4.46126750e-03 -2.60996092e-02
 -4.64787707e-02 -3.59614682e-03  1.20972529e-01 -2.97704376e-02
 -1.65930819e-02  9.85466223e-03  9.81912133e-04 -1.77449305e-02
  3.24796401e-02  3.44768050e-03  9.20519531e-02 -1.72198024e-02
 -4.69613774e-03  5.11775613e-02 -9.08703916e-03  5.22003695e-03
  1.25529291e-02  6.73572272e-02 -2.23466475e-02  1.58467034e-33
 -2.80910470e-02  7.15772808e-03  5.77609278e-02  7.13505074e-02
 -1.72903277e-02  1.73326619e-02 -3.52925062e-02 -5.49515374e-02
 -2.59065852e-02  2.51482017e-02  1.92743167e-02  3.41691971e-02
 -5.93953058e-02  2.71870513e-02 -4.68032323e-02 -6.90853670e-02
 -2.61453521e-02 -8.67842697e-03 -3.06236092e-03 -8.63379054e-03
  1.32436380e-01  1.49187595e-01 -2.60491613e-02  2.67691948e-02
 -6.87591806e-02  6.16325736e-02 -3.82688977e-02 -1.40793726e-01
 -2.91915666e-02 -1.12034388e-01  7.32600391e-02 -1.14674857e-02
 -3.04180459e-04  8.44777822e-02  3.04202046e-02  5.69718890e-02
 -4.95921262e-02 -1.17637433e-01 -3.03288233e-02  1.10699400e-01
 -4.10055742e-03  1.04161054e-02 -6.88288361e-02  2.07652766e-02
  1.16793578e-03 -5.08451723e-02 -3.84788625e-02 -3.06336805e-02
 -4.87705600e-03  1.01121766e-02 -5.22919893e-02 -3.27649564e-02
 -5.05789705e-02  3.69323976e-02  2.53722146e-02  4.22722436e-02
  9.14965570e-02 -3.31362933e-02  1.84382275e-02  1.21933386e-01
 -2.36968473e-02  6.13477342e-02 -4.50123698e-02  3.05061731e-02
  6.87899664e-02 -1.73781775e-02  1.58542767e-02  9.63453352e-02
 -5.15073026e-03  7.33716041e-02 -2.25065798e-02 -3.63566377e-03
 -1.05254008e-02 -8.12465847e-02 -3.95259261e-02  9.48145315e-02
 -9.51318890e-02 -3.85811888e-02 -8.71297121e-02 -3.83576863e-02
  7.52904126e-03 -3.95020507e-02  5.02902316e-03  1.98329315e-02
  3.48488875e-02  1.23955026e-01  7.05130398e-02 -3.63244563e-02
  2.20107846e-02  1.59153098e-03  1.03605706e-02  1.58633851e-02
 -6.62519112e-02 -5.45611680e-02  3.96954790e-02 -2.40803431e-08
 -1.46198291e-02  1.59010664e-02 -3.95215526e-02  3.01162191e-02
 -7.87337683e-03 -6.80299476e-02 -4.79131155e-02  1.43548409e-02
 -8.60387052e-04  5.69843538e-02 -1.46119092e-02 -4.61323187e-02
 -1.11462660e-01  2.27104947e-02  6.47286251e-02 -1.77072436e-02
 -3.20165232e-02  1.84834629e-01 -6.55560941e-02 -6.42024130e-02
  2.81652119e-02  6.99720532e-02 -3.61688361e-02 -9.06416178e-02
 -4.24896181e-02 -1.05252927e-02  7.35451991e-04 -8.97442829e-03
 -6.92774504e-02  1.95493549e-02  7.72475377e-02 -2.62054745e-02
  3.10026240e-02 -1.46947950e-02  1.25672929e-02  5.21340668e-02
  6.34527579e-03 -1.87933352e-02  4.64577321e-03 -5.08659482e-02
 -4.80856635e-02  4.97843027e-02  2.58532986e-02  4.84791622e-02
  8.61780997e-03  7.19832778e-02  1.74034070e-02  6.57292902e-02
 -8.27384964e-02 -7.57290050e-02  2.44131386e-02 -2.44499370e-02
 -1.09521132e-02 -3.14763421e-03  1.03242761e-02  4.46720682e-02
  1.40667642e-02  1.01524182e-02 -8.52772072e-02 -1.24751963e-03
  1.34290397e-01 -1.76654682e-02  1.04137277e-02  6.46846145e-02]","[-3.24013010e-02  3.42196859e-02  4.48931567e-02 -3.64288092e-02
  2.51987875e-02 -2.93264911e-02  2.61126440e-02  9.23904330e-02
 -6.22541597e-03 -7.80137926e-02 -5.73626719e-02 -4.85618934e-02
  4.84810174e-02  1.68983750e-02  4.76555824e-02  1.80435106e-02
  1.88584790e-01 -2.91308062e-03 -6.14728779e-02 -6.21233582e-02
  3.26035097e-02  2.87916642e-02  1.02601208e-01 -2.99759880e-02
 -3.69663350e-02 -7.37366229e-02 -9.50035378e-02  1.00949116e-01
  5.08305468e-02  7.66981905e-03  2.25386955e-02  5.37038222e-02
  6.05544187e-02  9.55493189e-03 -7.03782812e-02 -7.70228207e-02
 -5.10105304e-02  2.46174000e-02 -1.27410088e-02 -5.95066547e-02
 -1.13163084e-01  1.42243318e-02  2.08671391e-02  9.27110761e-02
 -5.87070063e-02 -8.40268508e-02 -3.35915131e-04 -5.10893092e-02
  1.94348171e-02  9.88466293e-02  6.86965976e-03 -5.88659346e-02
  2.92755365e-02 -4.59136255e-02 -4.22606245e-02  6.13003075e-02
 -4.87535633e-02 -4.15210100e-03  5.41900061e-02 -3.68841551e-02
  4.36011814e-02  3.53819225e-03 -2.38605440e-02  5.94710857e-02
  3.54000591e-02 -5.61684882e-03 -1.15570843e-01  3.92414583e-03
 -5.14222197e-02 -8.93431157e-02  8.78760777e-03  3.09055694e-03
  7.38244951e-02 -1.43165337e-02  5.33113955e-03  1.18509280e-02
 -7.90427625e-02  5.75236529e-02 -3.67421247e-02  2.55761333e-02
  5.88902272e-02 -3.65393832e-02 -6.11347668e-02  2.91985888e-02
  2.43845303e-02 -6.52913377e-02  5.57571873e-02  2.86589377e-02
  1.03420997e-03  1.09285628e-02  1.45105803e-02  4.48763818e-02
  4.04065922e-02 -2.93579772e-02 -1.31731229e-02  5.38614728e-02
 -3.61978412e-02 -8.66222456e-02 -4.42935266e-02  8.12047496e-02
  2.87539568e-02 -6.87440112e-03 -2.83453912e-02 -7.84948394e-02
 -1.37927011e-02  5.13243116e-03 -2.24110726e-02  2.96520945e-02
 -1.37923937e-03 -3.36422026e-03 -1.87063050e-02 -1.24140317e-02
 -1.52907148e-02  7.60388793e-03  1.23404237e-02  3.61836292e-02
 -1.48287164e-02  5.66653349e-02 -3.03932112e-02  8.56277570e-02
  3.35087292e-02  5.00275232e-02  3.13314935e-03 -7.84250200e-02
  1.50974439e-02 -3.87975499e-02 -6.53136671e-02 -3.02930092e-33
 -1.69843007e-02  9.08990111e-03  4.28485945e-02  6.80681095e-02
  4.70482111e-02  7.43670762e-03 -2.89597698e-02 -2.07026512e-03
 -7.85157606e-02 -6.59142211e-02 -2.21972521e-02  7.33892322e-02
  2.08520293e-02  6.15440542e-03  8.32892433e-02 -2.67777592e-02
 -4.54601385e-02  1.95241999e-02  3.76505665e-02  1.39627662e-02
 -1.70273110e-02 -1.20227784e-01 -1.27445851e-02  1.53838110e-03
 -3.82673554e-03  2.12218203e-02  7.25442022e-02  1.88698508e-02
  5.44827729e-02 -2.96846516e-02 -6.81629106e-02  2.49881800e-02
 -2.88659278e-02 -6.61613643e-02 -2.22988171e-03  3.88513096e-02
  4.24736319e-03 -6.69206828e-02  8.37592501e-03 -4.84159333e-04
 -7.99664035e-02  4.02568392e-02 -1.23587444e-01  6.70965984e-02
 -2.50652172e-02  9.06226486e-02  8.12363103e-02 -6.53550997e-02
 -5.10695390e-02  8.70736986e-02 -1.49799865e-02 -3.57140638e-02
 -2.92965374e-03  3.92828993e-02 -2.41523366e-02 -3.63354199e-02
 -4.34686989e-02 -7.45983236e-03 -1.02403453e-02 -5.87914400e-02
  3.69534120e-02  2.41353549e-02 -4.62423041e-02 -8.11948404e-02
 -1.13900974e-01  6.00069426e-02  7.81019703e-02 -1.47268586e-02
  9.65423789e-03  5.55304214e-02 -4.18808460e-02  8.89577065e-03
  8.41553509e-02  2.52167182e-03 -4.94410396e-02  2.84758434e-02
 -7.04490617e-02 -9.05301480e-04 -8.06711055e-03 -9.79982987e-02
  6.71886355e-02 -1.08832873e-01 -3.49107459e-02  9.82402917e-03
  1.02976765e-02  2.62464117e-03  7.56281912e-02 -9.55314562e-02
 -7.21739307e-02  9.91616696e-02 -6.44379705e-02  4.34421487e-02
 -3.79914790e-02  6.97906762e-02  3.98578756e-02  1.86480185e-33
 -3.49456556e-02 -4.68597412e-02 -1.88453309e-02 -5.53184748e-02
  3.90907526e-02  4.00311761e-02  3.11811976e-02  4.69600372e-02
  3.50826308e-02  3.76156606e-02 -1.01683773e-01  4.54870537e-02
  7.70350024e-02 -8.53007846e-03 -8.64568800e-02 -3.15087177e-02
  6.82526676e-04 -4.73287655e-03  3.54477726e-02  5.93916811e-02
  1.48054492e-02  1.13897905e-01 -5.89105161e-03 -1.73865892e-02
  9.94558577e-05  6.24756031e-02 -8.22932925e-03 -5.89465387e-02
 -3.51827964e-02 -5.38765602e-02 -1.72005855e-02 -5.04369326e-02
 -6.20479323e-02  2.04456113e-02  6.15494251e-02  2.29585133e-02
 -4.51662065e-03 -9.81501490e-02 -3.80318947e-02  8.54395628e-02
  4.28154878e-02 -5.18759787e-02  1.87827721e-02 -2.06112377e-02
 -7.28521198e-02  2.52596084e-02  2.86894105e-02  1.95314288e-02
 -1.12317316e-02 -2.94561684e-02  4.82921377e-02  7.47347809e-03
 -1.45659810e-02 -3.13025084e-03  2.15827432e-02  2.85413489e-02
  1.07159577e-01 -1.08209155e-01  6.92047700e-02  5.14559746e-02
 -1.46069108e-02  5.93974739e-02 -3.33954021e-03 -2.03037588e-03
  8.35850462e-02 -2.59275120e-02  5.30450046e-02 -3.45672891e-02
  2.05921512e-02  5.80696091e-02  2.24211700e-02 -6.71744719e-02
 -3.47883557e-03 -3.41069396e-03  3.35154235e-02  1.23166755e-01
  6.28171042e-02 -9.70095620e-02 -9.01681259e-02 -6.35595322e-02
 -3.95455472e-02  8.01721215e-02  2.87068896e-02 -1.22458879e-02
  3.76004055e-02  6.96784481e-02 -5.00339270e-02 -1.77184455e-02
  1.55932838e-02 -4.49237525e-02 -3.55106480e-02  3.39686908e-02
  4.48368751e-02  4.22324650e-02  1.45361153e-02 -2.30273400e-08
  1.17787737e-02 -8.96970462e-03 -2.39381124e-03  9.09488741e-03
 -4.86172400e-02 -3.65239494e-02 -4.24278416e-02  6.82581589e-02
  1.13624230e-01 -7.64176343e-03 -3.62269208e-02 -2.42257584e-02
 -8.90398994e-02  6.46063983e-02  8.85188282e-02  1.15183229e-02
  1.93837658e-02  7.55735189e-02  8.43195058e-03 -1.26673672e-02
  2.94423830e-02  4.00338881e-02  2.11523660e-02 -1.57646034e-02
 -5.75587107e-03 -2.21454240e-02 -1.46679105e-02  2.77946908e-02
 -4.75390702e-02 -6.34203628e-02  6.71115443e-02 -4.37638685e-02
  4.55033705e-02  3.01021105e-03  1.58545859e-02 -1.91079942e-03
 -3.35359685e-02 -2.41367109e-02  6.66777641e-02 -1.67663246e-02
 -5.06864823e-02  1.34197436e-02  2.54244991e-02  2.37055402e-02
 -5.15718497e-02  3.67676392e-02  5.24985380e-02 -1.12531751e-01
  5.80332428e-03  1.80172101e-02 -3.23703066e-02 -4.14990485e-02
  2.16163490e-02 -6.26730919e-02 -8.58022925e-03  7.47148171e-02
 -5.35498150e-02 -6.39587343e-02  2.20948346e-02  3.04733645e-02
  1.17808379e-01  6.86946372e-03 -3.84699069e-02  8.04549381e-02]","[-4.69952039e-02  2.94574164e-02 -4.92246123e-03 -5.46306856e-02
  6.91632926e-02  3.73495705e-02  2.67259590e-02  1.04028687e-01
 -6.97306991e-02 -2.72536222e-02 -1.02115367e-02 -4.29805256e-02
  8.84187445e-02 -1.49277365e-03  5.39079346e-02  1.36843007e-02
  8.84568617e-02 -3.73043562e-03 -3.82425860e-02 -6.00657705e-03
  1.76029056e-02 -2.11087167e-02 -2.18064096e-02  7.15704635e-02
 -6.06597252e-02 -1.52415801e-02 -6.20314851e-02  1.21388687e-02
  1.57286189e-02 -4.39453088e-02 -1.67834274e-02  6.43144250e-02
 -1.81014892e-02 -4.99226572e-03 -8.21089149e-02 -2.87498813e-02
  1.36573138e-02 -5.55593222e-02 -1.57896131e-02 -1.46158621e-01
 -9.49070603e-02 -2.14414038e-02 -4.74205352e-02  5.87548055e-02
 -3.05681527e-02 -1.14438482e-01  2.66465768e-02 -1.80970300e-02
 -1.98992644e-03 -3.11483294e-02 -1.10679502e-02 -3.54239307e-02
 -4.25414592e-02  3.42234634e-02 -1.59629770e-02 -4.93865758e-02
 -4.94591193e-03 -3.80426180e-03  3.04270796e-02  4.08548713e-02
  2.19251886e-02 -1.72155909e-02 -1.17630782e-02  9.29072052e-02
  3.47338244e-02  2.58445926e-02 -2.89990343e-02 -3.36575918e-02
  4.58938852e-02 -2.12759455e-03 -1.70565234e-03 -7.50997756e-03
 -3.78642939e-02 -1.59670468e-02  3.85880768e-02 -3.69916409e-02
 -3.54027599e-02 -2.33672969e-02  1.22709330e-02 -7.38570541e-02
  8.21115077e-02 -3.16062681e-02  1.46966265e-03  5.05746901e-02
  6.57572299e-02  5.21960594e-02  2.78511387e-03 -6.92629889e-02
  5.13664298e-02  6.83607012e-02 -1.47147002e-02 -7.74989501e-02
  1.04618110e-01 -2.47739535e-03 -2.21773479e-02 -7.37884939e-02
 -2.13473715e-04 -1.17587425e-01 -7.94503242e-02  7.29641542e-02
 -3.95810120e-02 -5.05152158e-02  2.99258139e-02 -4.85326126e-02
  4.71535139e-02 -4.52709496e-02  2.88973078e-02 -1.11243285e-01
  1.47792576e-02  4.66541275e-02 -4.15920801e-02 -4.34089527e-02
 -2.34590303e-02 -9.44231898e-02  4.10716720e-02  2.41479278e-02
 -2.22499222e-02  9.25113540e-03  1.62817482e-02  8.75507817e-02
  1.67830326e-02  2.87386253e-02  2.20394582e-02 -2.46959366e-02
  8.22572783e-03  3.15281972e-02 -1.15583546e-01 -4.19884452e-33
 -1.92220062e-02 -4.55266163e-02 -2.40148716e-02  1.13154380e-02
  2.26128977e-02 -7.20836520e-02 -3.87478806e-02  1.84028205e-02
 -5.38478978e-02  3.49069858e-04 -4.20582965e-02  5.34900017e-02
  5.19245639e-02  5.09010218e-02  1.80934682e-01  3.61750536e-02
 -3.11894380e-02  1.42620593e-01 -1.56185115e-02 -7.74362311e-02
 -3.02075269e-03 -8.98533016e-02  1.03691397e-02  4.62879092e-02
  4.12372611e-02  3.44499014e-02 -4.49506007e-02 -1.17780687e-02
  6.60718679e-02  4.97909524e-02 -3.78976315e-02  1.76189281e-02
 -4.88613471e-02  3.37809995e-02  1.69243235e-02  2.46747937e-02
 -8.38546753e-02 -1.25859350e-01  4.45910543e-02  3.53574865e-02
 -7.14560747e-02 -5.44745699e-02 -8.81165043e-02  1.39905838e-02
  1.22817717e-01 -4.80405148e-03  4.31114398e-02 -6.66503515e-03
 -1.09523691e-01 -2.19053980e-02 -5.17482460e-02  8.43862668e-02
  1.57539453e-02  3.47174443e-02 -5.33962287e-02 -4.29633111e-02
  1.38037400e-02 -3.00010704e-02  1.83525831e-02  1.57728437e-02
 -7.16509745e-02 -9.00147203e-03 -4.46477756e-02 -9.38738137e-02
 -3.15904841e-02 -4.29670773e-02  6.84425980e-02 -3.94230299e-02
 -6.81701377e-02  8.09876695e-02 -5.65777309e-02 -2.11534016e-02
 -3.47825438e-02 -5.43802828e-02 -2.43222504e-03 -2.73735616e-02
  6.34287223e-02 -9.06029437e-03  9.68987495e-03 -7.39715919e-02
 -4.17638272e-02 -4.73812930e-02  1.43360980e-02  3.69398110e-02
  7.89146684e-03 -2.74768341e-02  4.05501984e-02 -1.03924491e-01
 -9.65988263e-02  1.08756289e-01 -4.77255043e-03  5.11325784e-02
  3.31350649e-03  1.02444917e-01 -3.23720761e-02  9.36161864e-34
 -1.00943401e-01 -4.43333341e-03 -4.55972962e-02 -7.19647156e-03
 -6.57154545e-02  2.19148006e-02 -3.13156680e-03 -3.78851453e-03
 -5.67558669e-02 -1.95069574e-02 -6.85959682e-02  2.72015724e-02
  4.46640067e-02 -5.79960011e-02 -1.82702262e-02  1.49480980e-02
  2.05132570e-02  7.46878842e-03  1.35249039e-03 -1.05460305e-02
 -1.07068643e-02  5.53764217e-02 -6.26968741e-02  3.30893435e-02
 -4.77899909e-02 -2.91094482e-02 -5.41550331e-02 -9.02957246e-02
  5.04126586e-02 -4.58716452e-02  1.13070605e-03  3.53953540e-02
 -5.60995825e-02 -4.71301153e-02  1.29669113e-02  2.61898767e-02
  5.80164418e-02 -4.39508110e-02  1.03012770e-02 -2.07909048e-02
  5.98378070e-02  2.42188927e-02  4.25657406e-02  8.06056149e-03
 -2.09642518e-02  4.89511352e-04 -6.00184081e-03 -1.99842472e-02
  3.16297300e-02 -1.32324211e-02  6.17320910e-02 -4.66793310e-03
  5.17830886e-02  1.38782095e-02 -3.39514352e-02  4.75903526e-02
  6.13606796e-02 -5.17336391e-02  9.40763578e-02  1.01416700e-01
  5.18943532e-04  4.12683189e-02 -2.20660213e-02  1.80709288e-02
  3.59852463e-02  2.08647288e-02 -8.75536725e-03  8.43946263e-02
 -5.38963489e-02  2.37530582e-02  7.27397427e-02 -1.36476271e-02
  2.48665037e-03  9.76140518e-03 -1.13362037e-01 -5.01125827e-02
  4.63692322e-02 -3.89463045e-02 -8.94432589e-02  1.67311411e-02
  5.72755970e-02  2.35537533e-02  1.07091516e-01 -2.12869924e-02
 -1.60591938e-02  1.07402951e-02  2.53329631e-02 -3.48146744e-02
  7.37909833e-03 -3.37539241e-02 -6.61602467e-02  6.51258156e-02
 -7.73382261e-02  9.89617556e-02  2.93266904e-02 -2.16562217e-08
  3.23357992e-03 -4.34182957e-02  3.09981517e-02 -1.15208132e-02
  6.18764721e-02  5.20587862e-02 -5.60658649e-02  5.84854856e-02
  4.86281700e-03  2.21302398e-02 -1.34729454e-03 -3.24500538e-02
 -3.66668664e-02  6.90767244e-02  9.05918404e-02  2.63449382e-02
  8.16350745e-04  2.60207467e-02 -5.41364960e-02 -8.51737782e-02
 -1.00192185e-02  3.92671227e-02 -1.16675533e-02 -6.04096381e-03
  2.33954452e-02 -4.78858389e-02  4.41451184e-02  5.40771075e-02
  8.96449089e-02  9.13563892e-02 -4.59019653e-02 -2.17214096e-02
  5.67251928e-02  4.79175188e-02  1.84730405e-03  8.29520077e-02
 -7.18035968e-03 -8.48782156e-03  2.77671497e-02 -8.47017672e-03
  6.01605233e-03  8.47967621e-03  1.67534277e-02  3.32733318e-02
 -1.90311708e-02 -1.70661360e-02  4.09484766e-02 -1.07888117e-01
  4.34262231e-02  7.64876008e-02 -1.94521379e-02  4.42789458e-02
  1.76031068e-02  1.14897370e-01  4.97150309e-02  6.82643503e-02
  1.27984108e-02 -7.59342015e-02  2.71189399e-02  7.58656487e-02
  7.03090280e-02 -3.12110242e-02  6.68399632e-02  7.44830519e-02]",3,2024-02-22 19:04:52,5
4,"[ 4.37199660e-02  9.95515734e-02 -5.77244125e-02  1.04221515e-02
 -5.79255186e-02 -3.44846286e-02  3.64698097e-02  3.25346924e-02
 -3.27487588e-02 -3.20664346e-02 -1.56304869e-03  1.32982917e-02
  1.25800362e-02 -9.14016447e-04  3.17743756e-02  1.06378328e-02
  1.04616337e-01 -4.93308827e-02 -4.62407582e-02  3.60585414e-02
 -3.17985713e-02 -1.12142777e-02 -3.59572447e-03  3.47678289e-02
 -2.59486232e-02  1.40076373e-02 -9.03789848e-02  1.47336465e-03
  9.51483324e-02 -1.96453631e-02 -8.23693499e-02  2.54350957e-02
  2.86186542e-02  3.55602503e-02  1.50037566e-02  9.33584794e-02
  3.41092385e-02  5.28524704e-02 -5.52778412e-03 -1.12047447e-02
 -7.35599026e-02 -2.70947535e-02  5.47095239e-02 -5.88786043e-02
 -2.35902090e-02 -1.17072947e-01  1.64613426e-02 -2.50889380e-02
 -3.89043950e-02 -2.90906467e-02 -8.31188262e-02  1.77103374e-02
 -5.35817705e-02 -5.59334755e-02  6.84179440e-02  5.46716228e-02
  1.48368655e-02  8.99714790e-03 -2.45434977e-02 -1.16718188e-02
  3.49552706e-02 -3.82645354e-02 -4.71306453e-03  1.73775069e-02
  1.37357518e-01  5.49104810e-03 -4.44494113e-02 -4.78913002e-02
 -1.22209169e-01  7.59159774e-02  9.84012429e-03 -7.08009750e-02
  1.54802576e-02  9.43215564e-02  3.14655155e-02  9.41724051e-03
  9.13147256e-03 -6.75276518e-02  1.53459713e-03  4.89359535e-02
 -2.00907644e-02 -7.77987996e-03 -6.71960935e-02  7.35381544e-02
 -2.36729309e-02 -5.05743250e-02  1.28894381e-03 -5.83542697e-02
 -7.32876780e-03  3.55998725e-02  3.16061080e-02  4.37603965e-02
  1.89307553e-03  1.81113183e-02  1.68707725e-02 -1.83124058e-02
 -9.61758196e-02 -4.81231958e-02 -1.42615214e-01  5.79546019e-02
  3.00286710e-02  1.42366290e-01  3.02720089e-02  1.34111950e-02
 -3.35025340e-02 -6.65182695e-02 -7.99538270e-02 -5.14806770e-02
 -2.67550368e-02  1.90034807e-02 -8.15949589e-02 -2.93754395e-02
  7.29644448e-02 -1.83360633e-02  4.90848869e-02 -3.96473706e-02
 -5.69875352e-02  2.24370062e-02 -3.28394435e-02  7.43758632e-03
  1.13444939e-01 -2.35991180e-03  3.29701491e-02  2.82191392e-02
 -4.75455262e-02 -1.49426609e-02 -2.86807548e-02 -4.23709804e-33
 -3.84524316e-02  5.41334273e-03  6.26263395e-02  9.42999199e-02
 -6.88837767e-02 -2.66873743e-02 -1.76173579e-02 -6.80061877e-02
  1.48567022e-03 -1.68967005e-02  1.77541829e-03  1.03604950e-01
  5.96432872e-02 -2.23181061e-02  4.41441648e-02  5.02470210e-02
 -5.25992513e-02  1.12137077e-02  2.17960533e-02  5.87909743e-02
  3.62489410e-02  1.92375705e-02 -5.09412214e-02  7.03453552e-03
  1.14577031e-02 -1.01545997e-01  5.28534018e-02  5.70950471e-03
 -6.94310814e-02 -1.01409256e-02 -2.99993083e-02 -2.83588767e-02
  1.97858457e-03 -5.34007698e-02  4.00816500e-02 -1.83209758e-02
 -4.03901376e-02 -3.72078642e-02  7.18932152e-02 -4.00340855e-02
 -4.73105721e-02  5.40649481e-02  2.20794752e-02 -1.06529449e-03
  1.25191972e-01  8.10011178e-02  6.90814257e-02 -5.45606315e-02
 -1.13134600e-01 -1.86324713e-03 -1.32065713e-02  2.34398339e-02
  4.90515940e-02  5.27435169e-03  1.56782605e-02  3.22463065e-02
  4.23483411e-03  1.34005114e-01 -3.66922393e-02 -6.53970661e-03
 -1.48383332e-02  2.31242608e-02 -9.84183550e-02 -8.38899463e-02
 -2.87699420e-02  3.81889157e-02 -7.28727430e-02  9.85906087e-03
  3.31404842e-02 -1.79014858e-02  2.85495464e-02 -1.42022630e-03
 -5.89539064e-04 -3.96332378e-03 -4.36938164e-04 -5.24580963e-02
  6.26458693e-03  5.33989631e-04  8.57902467e-02 -3.24609391e-02
  4.05909587e-03 -1.81171708e-02  3.69941816e-02  2.81709805e-02
  2.92947832e-02 -9.13662091e-03 -2.39263545e-03 -1.10246226e-01
  3.61541472e-02  9.46002677e-02 -3.62190679e-02 -1.93862170e-02
 -3.59720401e-02 -3.47168883e-03 -7.72123262e-02  3.37798299e-34
 -2.03159358e-02 -3.53500955e-02 -9.22469944e-02  6.62211180e-02
  2.24359166e-02  7.66930208e-02  6.70156488e-03 -4.43429500e-03
  7.49658421e-02 -3.22073139e-02  1.00278482e-01 -3.76987532e-02
 -3.65025289e-02 -3.41028348e-02 -3.17058377e-02 -3.49463969e-02
 -4.82858941e-02  6.81346841e-03 -5.94239333e-04  3.71143259e-02
  6.42135814e-02  8.24846029e-02  5.18254237e-03  8.03289637e-02
 -2.18384266e-02 -1.30993119e-02 -5.64728417e-02 -1.49437577e-01
 -3.65253352e-02 -8.28414783e-02  6.47985041e-02  1.49135143e-02
 -1.04612604e-01  1.96341947e-02  2.76224986e-02 -1.26699626e-03
 -2.87903976e-02 -5.09694666e-02 -3.17326002e-02  6.18393756e-02
 -2.10916046e-02  5.83443381e-02  4.19560112e-02 -9.05786362e-03
 -4.20080405e-03 -7.78836524e-03  6.08030185e-02 -1.16464615e-01
  4.01511192e-02 -1.03222234e-02 -2.25189645e-02 -4.84630242e-02
  3.30243409e-02  7.55842626e-02  3.80787323e-03 -6.58565909e-02
  7.67504349e-02 -4.73572053e-02 -4.20504762e-03 -4.24959604e-03
 -4.00061198e-02  4.62284982e-02 -8.09992030e-02  4.83283401e-02
 -9.01403092e-03 -2.82644778e-02 -2.72318050e-02  7.71624297e-02
 -2.33435514e-03 -4.58708964e-02  7.89850298e-03 -9.00681466e-02
  7.20421970e-02 -4.51728739e-02 -7.51625746e-02  7.98895657e-02
 -3.06265503e-02 -4.10951413e-02 -3.16507332e-02 -8.49795192e-02
 -5.23112118e-02 -3.06802932e-02  1.04106711e-02 -4.20199744e-02
 -4.11762111e-02  4.65488508e-02 -1.03144692e-02 -1.10706585e-02
  1.05508445e-02  8.79388005e-02 -7.74135860e-03  1.96016822e-02
  2.61389874e-02 -3.35874669e-02  3.67918834e-02 -2.17975291e-08
  1.48071796e-02 -3.79979201e-02 -1.50809940e-02 -4.60347114e-03
 -3.62987258e-02  1.92833301e-02  1.95107341e-03 -6.85022622e-02
 -1.72818732e-02  9.76257324e-02  3.11841555e-02  3.17829847e-03
 -7.77017027e-02  1.77467987e-02  9.23642144e-03 -3.18650482e-03
  8.13582540e-02  1.31534124e-02 -1.07813627e-02 -3.74255888e-02
  4.85963246e-04  3.56288701e-02  1.16498796e-02  2.08037607e-02
 -2.53306553e-02  3.18250008e-04 -3.17658558e-02 -1.10749714e-01
 -9.51213613e-02  4.91423346e-02  7.16967210e-02  8.37894082e-02
 -2.74522454e-02 -4.64392826e-02  2.83553191e-02  5.06953485e-02
 -2.30036695e-02  5.71438372e-02 -4.92516765e-03  5.02533689e-02
 -2.34209020e-02  8.65811184e-02 -1.14267552e-03  1.06782829e-02
  9.39972177e-02  1.03619164e-02 -2.40871143e-02  1.74130239e-02
 -7.72638768e-02 -6.17298968e-02  6.29614592e-02  4.66623455e-02
 -3.65473777e-02 -1.90234780e-02 -1.17831398e-02  7.93691203e-02
  2.07531918e-03  7.07628429e-02 -6.72789961e-02 -2.40154359e-02
  1.59788981e-01 -1.22994289e-03  7.31329173e-02  1.87737949e-03]","[-9.98940784e-03  3.13218981e-02  3.57804969e-02  8.67624357e-02
  2.22857613e-02 -2.66952887e-02 -5.91138117e-02  2.00171396e-02
 -2.48947809e-03  5.26458658e-02  3.42207551e-02  1.25180045e-02
 -2.54569575e-02  2.45096628e-02  1.02395676e-02 -1.00050434e-01
  8.01014677e-02 -1.01843566e-01 -1.40256276e-02 -2.60618441e-02
 -2.44236924e-02 -3.23488005e-02 -6.23894446e-02  8.45671445e-02
 -6.14785999e-02 -2.67792959e-02 -8.23483318e-02 -6.78145513e-03
 -3.85904759e-02 -6.83638453e-02 -1.36965821e-02  1.41204279e-02
 -2.93044690e-02 -5.29236253e-03  1.32618397e-02  7.58805797e-02
  5.31427637e-02  2.56254040e-02  3.43436189e-02 -3.57781537e-02
  4.01827879e-02  8.81353579e-03 -1.65374875e-02  3.48954611e-02
 -3.12795825e-02 -5.66341057e-02  3.78963463e-02 -1.43345129e-02
 -7.56778717e-02  3.47094759e-02 -1.79655124e-02 -6.48094015e-03
 -1.60075631e-02 -4.83999886e-02  5.07835634e-02  6.96525425e-02
  2.99851596e-02  3.58606055e-02 -6.85867593e-02  5.02714701e-02
 -3.92743647e-02 -4.67330739e-02 -5.03416173e-02 -1.05019435e-02
  5.96769415e-02  5.71139865e-02  5.05924411e-02 -4.00136635e-02
 -1.21793291e-02  4.34394106e-02 -1.82221010e-02 -2.07748413e-02
 -8.80334228e-02  7.55674094e-02  3.00433468e-02  2.35666917e-03
  6.86201528e-02 -2.52391379e-02  4.89251576e-02 -1.32992323e-02
  6.09516837e-02 -1.60918497e-02 -5.69347925e-02  6.77130669e-02
  2.64331326e-02 -9.23607200e-02  1.04103215e-01  6.25423789e-02
 -2.29820553e-02 -1.25617847e-01  8.76434147e-02 -4.57896705e-04
  3.78971547e-02  3.62533182e-02 -1.99026484e-02  3.21235601e-03
  1.59835350e-02  3.90162021e-02 -8.09484720e-02  2.02207472e-02
  6.78636925e-03  9.81891155e-02 -1.38606122e-02  5.18157147e-02
 -2.66366005e-02 -5.58148101e-02 -6.21484779e-03 -8.96862894e-03
 -3.02979872e-02  4.01021242e-02 -1.47018023e-03 -1.63921677e-02
 -1.11200307e-02 -6.24107309e-02 -1.73941273e-02  4.76722308e-02
 -4.57175523e-02 -1.64420586e-02  1.24052688e-01  2.69054417e-02
  3.08309551e-02  3.22775915e-02  5.51626235e-02 -1.22318611e-01
 -2.71380879e-02 -1.08402902e-02  4.95206006e-02 -2.85886540e-34
 -9.45866555e-02 -1.54654309e-02 -8.86713713e-02 -2.76598912e-02
  6.00064434e-02 -5.12280278e-02 -4.48540077e-02  9.33093298e-03
  6.40479401e-02 -1.26511622e-02 -5.06964847e-02 -6.58878535e-02
 -5.70618585e-02 -9.41594392e-02  5.07733785e-02 -2.28614826e-02
  2.37948708e-02  1.01852380e-01  9.89341438e-02  2.59684678e-02
 -8.55902303e-03 -1.59043312e-01 -4.09662873e-02 -3.60518582e-02
  1.05198331e-01 -1.91619322e-02  1.37983859e-02  1.26093924e-02
  1.01696864e-01  4.91615990e-03  1.16990581e-02  2.86813211e-02
 -4.49067764e-02  9.07017093e-04  7.51447538e-03 -1.35064665e-02
 -9.28197578e-02 -5.17911837e-02  2.93002669e-02  4.93959226e-02
 -1.26225874e-01  1.84609834e-02 -4.30973209e-02  1.00738173e-02
  1.23735173e-02  1.91394426e-02  7.91145489e-02 -1.05253957e-01
 -4.98355413e-03  4.25262973e-02 -7.64736980e-02  3.52528132e-02
  3.04184332e-02 -2.98201628e-02 -1.81419179e-02 -1.09915193e-02
  1.03336141e-01 -7.38886893e-02 -2.35723350e-02  5.12224436e-02
  1.04031693e-02 -4.09436747e-02 -5.97144477e-02 -3.98295298e-02
  2.48866864e-02 -5.15488572e-02 -2.40910072e-02 -2.56242752e-02
  4.48465161e-02  1.71543041e-03 -1.13617703e-02 -2.68485285e-02
 -2.15718020e-02 -2.89325789e-02  2.45000217e-02 -1.73892209e-03
  7.68831894e-02  2.01854520e-02 -1.33388815e-02 -6.16840832e-02
  2.77345255e-02 -7.05831349e-02  6.93197697e-02  3.08579337e-02
  6.77079633e-02  1.98807083e-02  7.18275905e-02  8.94574635e-03
 -3.60858515e-02  4.34408821e-02 -8.49880055e-02  2.30318364e-02
  1.59388799e-02  5.41612729e-02  9.49323736e-03 -2.36936384e-34
  1.27922976e-02 -6.00171424e-02 -4.65400368e-02  3.80697660e-02
  4.94130589e-02 -2.52680741e-02 -5.28532416e-02 -1.09639307e-02
  3.82285491e-02  1.86065659e-02 -8.82291496e-02 -3.51949744e-02
  3.35849114e-02 -2.01481842e-02 -1.55274635e-02 -2.95932945e-02
  1.27509832e-01 -8.46872702e-02  3.71715724e-02  7.73897115e-03
  6.29955679e-02  2.79385652e-02 -3.46614458e-02 -2.00035889e-02
 -1.82624515e-02  7.22614974e-02 -5.42723872e-02 -5.00625074e-02
 -6.65884018e-02 -4.18537408e-02 -9.77287665e-02 -5.32972999e-02
  3.15245800e-02  2.97237020e-02 -3.15338280e-03  9.79980528e-02
 -6.87747598e-02  6.10712580e-02  3.47912721e-02  4.99348007e-02
  7.73873925e-02  2.36504003e-02 -7.10866926e-03 -3.94822359e-02
 -4.61984985e-02  8.67849737e-02  1.62756932e-03 -5.05621098e-02
 -2.46871747e-02  1.29879907e-01  3.98692954e-03 -4.58326377e-02
  3.18096876e-02  4.68970975e-03  8.07836372e-03 -3.51455882e-02
  6.84336424e-02 -8.13889354e-02  1.91412214e-02  1.01087242e-01
 -8.87655281e-03 -2.67646536e-02  8.56991485e-02 -2.06061229e-02
 -9.98349208e-03  2.20143944e-02  7.51730800e-02 -3.79213616e-02
  9.75363851e-02  4.26505804e-02  2.39118747e-02  7.06529152e-03
 -5.41895628e-02  1.46470824e-02 -6.17050612e-03  6.30277842e-02
 -3.23685482e-02  2.82379687e-02 -7.26504326e-02 -4.27743904e-02
  1.24746496e-02  3.10844220e-02 -7.32724462e-03  1.81477480e-02
 -5.79943918e-02  8.18627849e-02  1.10836156e-01 -2.04426404e-02
  2.09467951e-02 -2.83636209e-02 -1.13281049e-02  3.99886705e-02
 -6.53039515e-02  9.88621935e-02 -3.82816442e-03 -2.24094681e-08
  3.76629867e-02 -4.34611440e-02  3.21700275e-02 -7.26970881e-02
  6.91119581e-02 -1.25342697e-01  2.33352892e-02  1.18443370e-02
  1.51382266e-02  4.62474599e-02  5.46153001e-02 -3.31841484e-02
  7.80923851e-03  8.02347511e-02  3.15133370e-02  8.51830374e-03
 -2.74023917e-02  5.83687052e-02 -1.06869288e-01 -1.12235546e-01
 -4.02159691e-02  4.91156168e-02  4.08264250e-02 -6.50106519e-02
  3.40141281e-02  3.73278894e-02  3.68590951e-02  1.39463041e-03
  7.66132399e-02  3.34485136e-02 -5.45474738e-02  2.57364754e-02
  3.74770811e-04  2.39865351e-02 -8.43380541e-02 -5.64176664e-02
 -3.96949798e-02  6.93614502e-03 -6.87573478e-02  1.57377012e-02
  1.46932164e-02 -5.53797511e-03 -2.17021238e-02  5.74051328e-02
  4.02979366e-02 -2.61311587e-02 -1.01797044e-01  3.52103338e-02
 -6.53238147e-02 -3.10599320e-02  6.33648178e-03  8.27204261e-04
  3.69657837e-02  5.65535314e-02  5.25416918e-02  6.44601416e-03
  4.18926626e-02 -6.00099787e-02  3.31188478e-02  4.46504839e-02
 -4.13929261e-02 -4.79623154e-02 -5.53834997e-03  2.47348454e-02]","[-1.86908990e-02  5.50636575e-02  5.53727932e-02  2.77273171e-02
 -5.06295338e-02 -6.16086535e-02 -1.13013498e-01  1.24236643e-02
 -2.32197698e-02  1.98639706e-02  4.93275337e-02  5.60378022e-02
 -3.59440260e-02  8.24959353e-02  6.39766306e-02 -6.39407784e-02
  8.41177776e-02  7.99377915e-03 -5.03061749e-02 -6.86267987e-02
  3.02772764e-02 -3.27069201e-02 -3.41813415e-02  1.61728617e-02
 -7.83264488e-02 -7.55337253e-02 -8.31054971e-02 -8.65732599e-03
  3.41712171e-03 -7.77547434e-02 -2.20014900e-03 -1.44955830e-03
  4.85400669e-02  2.39526778e-02  1.32117094e-02  3.90576012e-02
  1.51581401e-02  2.86232657e-03  8.20304900e-02 -2.93519050e-02
 -3.09666377e-02 -7.16459453e-02 -5.91187738e-02  3.39545012e-02
 -3.68083529e-02 -7.37363771e-02  1.15004936e-02 -1.09164491e-02
 -4.42006774e-02 -2.16443408e-02 -8.55502207e-03 -2.79691797e-02
 -6.94108233e-02 -6.74083456e-02 -4.72141616e-03  4.29518297e-02
 -1.83820371e-02 -1.69019755e-02  9.44706891e-03 -1.80257335e-02
 -4.39239144e-02 -4.16356958e-02 -8.07263032e-02  3.27259749e-02
 -2.18349718e-03 -8.54323618e-03  3.25851031e-02  3.54223661e-02
 -4.37386334e-02  4.81110625e-02  2.18100306e-02 -1.94746796e-02
 -4.80108969e-02  3.84937860e-02  5.50020225e-02 -1.27203912e-02
  5.12482449e-02  6.27128631e-02  3.52996998e-02 -8.18110257e-03
  2.45282724e-02 -9.95201468e-02 -4.59520705e-02  2.66169999e-02
 -3.65346596e-02 -5.34569807e-02  1.79160293e-02  6.02230914e-02
  2.43702531e-02 -9.15024430e-02  4.60080877e-02  2.58380984e-04
  2.08137892e-02  5.60284071e-02  7.37297535e-03 -1.27596706e-02
  2.52306890e-02 -2.50891801e-02 -3.48524861e-02  6.00602888e-02
  2.99893916e-02  1.99858472e-02 -6.19596839e-02 -2.11184230e-02
 -4.39621769e-02 -5.73791191e-02 -7.03717489e-03  1.25638805e-02
 -4.67180498e-02  1.73373166e-02 -3.77077423e-02  9.90798883e-03
 -1.02218930e-02 -8.37005824e-02 -5.32418117e-02  7.20439702e-02
 -6.82146251e-02  3.44343521e-02  8.34544674e-02 -1.61227994e-02
 -2.73090824e-02  8.35676715e-02  3.25138345e-02 -8.33926350e-02
  2.14598214e-04  1.25784408e-02  3.45312208e-02 -1.36091876e-33
 -9.79904458e-02 -1.17626199e-02 -6.15491383e-02 -3.36595885e-02
  3.87681909e-02 -1.86028574e-02 -5.01167886e-02  2.47142576e-02
  2.87232501e-03 -2.96730995e-02 -6.31284863e-02 -5.78683913e-02
  4.80096461e-03 -1.29313897e-02  7.97056630e-02 -8.41958523e-02
  2.94541325e-02  1.35026634e-01  1.03783168e-01  4.95301336e-02
  6.09707087e-02 -2.03331858e-01 -3.83599172e-03 -2.64486521e-02
  1.14793956e-01 -2.28191260e-02  1.72597934e-02 -4.29312885e-03
  1.01160862e-01  5.43172937e-04  2.42146347e-02  1.45563548e-02
  2.28796266e-02  2.88079679e-02 -4.96520065e-02  5.23830280e-02
 -6.38290867e-02 -6.73649609e-02  4.75795306e-02  4.24458310e-02
 -6.45900443e-02  3.24710608e-02 -8.80136862e-02  2.13260930e-02
  5.46314418e-02  8.13621283e-02  5.56755066e-02 -4.50140052e-02
  7.64205083e-02  3.27779576e-02 -2.17983257e-02  3.95363271e-02
  6.81035314e-03 -1.13929100e-02  3.84294130e-02 -5.38995452e-02
  7.85259828e-02 -6.64362982e-02  2.89764721e-02  3.90722640e-02
  3.09698563e-02 -5.44489995e-02 -1.02143005e-01 -1.42925642e-02
 -3.25252190e-02 -1.88294332e-02 -2.05494203e-02  2.24591196e-02
  8.97071585e-02  2.11478677e-02 -1.78476125e-02 -3.74541269e-03
  5.69158867e-02 -4.21064496e-02 -2.04686355e-02  2.52180807e-02
 -9.09805298e-04  1.66163873e-02  9.58460346e-02 -7.27102607e-02
  1.52874701e-02  3.20107527e-02 -2.26392392e-02  2.78991498e-02
  1.02916338e-01 -1.36743505e-02  4.73640338e-02  4.28333730e-02
  2.13377904e-02  5.65536618e-02 -5.39855510e-02  1.59129165e-02
  1.86535269e-02  5.47466241e-02  8.13542008e-02  7.43775729e-34
  5.88483997e-02 -9.09558032e-03 -7.29507133e-02  1.19852863e-01
  8.84002745e-02  4.08097543e-02 -3.13924290e-02 -4.61557619e-02
  6.44564629e-02  5.87017052e-02 -9.25488099e-02  1.55910933e-02
  1.03036612e-01 -4.76289913e-03 -6.77206889e-02 -1.03824534e-01
  2.61261519e-02 -2.20860783e-02  1.64054129e-02  3.35972831e-02
  6.09897152e-02  4.65754047e-02 -4.12330292e-02  1.00056352e-02
  5.43612838e-02  2.86478233e-02 -1.19556643e-01 -3.77610363e-02
 -1.03926294e-01 -1.38196526e-02 -9.98714715e-02 -3.36573906e-02
 -1.16624292e-02  2.17715558e-02  4.05351035e-02  3.33605595e-02
 -2.81127095e-02  3.70809473e-02  4.89299409e-02  5.65044954e-02
  4.43731733e-02 -4.17005643e-02 -1.11297015e-02  6.17139740e-03
 -3.82242985e-02  5.58413714e-02  2.78392471e-02 -5.13273031e-02
  1.30379777e-02  6.97420863e-03 -1.00596808e-02 -3.93592454e-02
  1.82349924e-02  2.57872455e-02  3.91606838e-02 -2.36079171e-02
 -6.29878789e-03 -1.07660420e-01  4.88496944e-02  1.22906469e-01
  4.36937846e-02 -1.40977511e-02  7.57354572e-02  4.34218757e-02
  4.31900844e-02 -3.95423770e-02  7.90710375e-02 -5.35884500e-02
  4.14124392e-02  2.84581352e-02  2.70841364e-02 -1.77434552e-02
 -2.98798755e-02  3.50925475e-02 -1.24089047e-02 -1.02647934e-02
  2.77066361e-02 -1.57241784e-02 -9.37314332e-02  7.66111910e-03
 -3.91835012e-02  4.36885804e-02 -5.71721047e-03  3.58414836e-02
 -8.60926956e-02  4.67588799e-03  4.47452031e-02 -8.80919769e-02
  9.55337882e-02  1.48906801e-02 -7.48318583e-02 -1.32639538e-02
  1.71618406e-02  1.02601133e-01 -4.30315360e-03 -2.49786130e-08
  4.63365897e-04 -7.07010478e-02 -8.72742198e-03 -5.78008629e-02
  2.89997011e-02 -5.79868071e-02 -1.38481651e-02  3.86601463e-02
  3.00991852e-02 -4.65389714e-02  5.82753867e-02 -2.65478287e-02
  2.65817456e-02  4.14892212e-02  8.76258835e-02  2.50406452e-02
  7.44910864e-03  7.88097382e-02 -6.74769133e-02 -7.40361884e-02
 -3.48042995e-02  6.58252984e-02  5.38661256e-02 -1.12872884e-01
  1.36706848e-02  3.16866226e-02 -1.79657582e-02  6.03889935e-02
  4.77952063e-02  3.85979656e-03 -4.89158817e-02 -1.73757896e-02
  3.13444808e-02 -1.54344402e-02 -6.33354560e-02 -2.43917555e-02
 -1.07343681e-01  4.61390652e-02 -3.14180180e-02  1.85041539e-02
  4.32781316e-02 -8.28119460e-03 -8.34008958e-03  2.68896464e-02
  2.72102561e-02 -4.56386246e-02 -1.45839140e-01  4.70397472e-02
 -4.31753509e-02 -1.35608530e-02  6.87377900e-03  8.17700103e-03
  2.08695214e-02  2.70690527e-02  3.18814553e-02  8.00376758e-03
 -3.64325829e-02 -9.57118496e-02  4.11639968e-03  8.08986649e-02
  2.44542360e-02  2.24771090e-02  3.54497097e-02 -3.87220760e-03]","[-3.33850496e-02  5.11580594e-02  5.79147227e-02  4.16317992e-02
 -2.58079059e-02  4.09383066e-02  4.67584133e-02  2.08679643e-02
  3.89522091e-02 -3.95913050e-02  6.90059960e-02  4.66027297e-03
  6.08526878e-02 -6.97861053e-03  4.12616804e-02 -9.34746861e-02
  8.08922350e-02 -2.59868037e-02 -9.00095776e-02  1.15150744e-02
 -4.16698531e-05  1.54951671e-02 -9.34246108e-02  9.31913778e-02
 -4.81251962e-02 -6.44907281e-02 -4.39322367e-02  6.94030002e-02
 -7.00264871e-02 -4.11501713e-02 -1.06851961e-02  2.90097706e-02
  9.51429829e-03 -8.17097630e-03  1.01030609e-02 -1.68455169e-02
  3.09102181e-02 -5.51001765e-02  4.93148416e-02 -4.63595502e-02
 -1.05486168e-02 -9.00335982e-03 -3.26422639e-02  7.84633532e-02
 -3.15133929e-02 -5.20232506e-02  2.77302787e-02  9.36478097e-03
 -1.00140003e-02  4.05905358e-02  6.60799146e-02 -4.04525287e-02
 -7.55971903e-03 -2.62820944e-02  5.58357639e-03 -2.28844937e-02
  2.16236375e-02 -4.09971364e-02 -6.84492365e-02  8.06605965e-02
 -2.30067875e-02 -5.28420247e-02 -1.88190285e-02  2.03946475e-02
  2.17724387e-02  5.32920798e-03 -2.89351828e-02 -3.94528098e-02
 -3.14205028e-02  5.44339567e-02  2.76088621e-02 -9.16238055e-02
  2.71800533e-03  5.13772145e-02  2.63140239e-02 -2.40739044e-02
  1.00241758e-01 -4.73825913e-03  4.22685361e-03  2.36641970e-02
  7.10233375e-02 -2.80592591e-03 -3.37796398e-02  6.71328828e-02
 -7.68201500e-02 -5.96450828e-02  9.10747126e-02  2.63091456e-02
 -1.87647641e-02 -9.14902762e-02  3.03696413e-02  4.55083884e-02
  4.99844030e-02  5.65231405e-02 -7.94206411e-02 -2.72524916e-02
 -4.06046398e-02 -5.47052287e-02 -3.00931130e-02  8.05010349e-02
  3.29793468e-02  4.46168669e-02  9.66327917e-03 -3.47952768e-02
 -6.38616160e-02 -9.29378644e-02 -5.84491938e-02 -4.29391041e-02
 -9.03809220e-02  7.82385841e-02 -6.49310574e-02 -1.22300191e-02
 -2.07750592e-02 -6.65507540e-02  4.63462770e-02  6.05064742e-02
 -5.33599332e-02  1.71149746e-02  6.37827069e-02 -9.53402091e-03
 -7.09731411e-03  5.58100268e-02  5.31520322e-02 -5.36370054e-02
 -6.43257797e-02 -5.15808305e-03  4.15651873e-02 -3.41471374e-33
 -9.91899893e-02 -3.64976786e-02 -1.08554251e-02  5.65399750e-05
  5.99124730e-02 -4.89998274e-02 -1.32291699e-02  3.12769227e-02
  5.15403263e-02 -9.13301762e-03 -6.84859306e-02 -5.89273907e-02
  3.02577913e-02 -3.28200730e-03  1.72498508e-03  4.20186073e-02
  3.74637954e-02  1.13266908e-01  6.52267188e-02 -1.78395249e-02
 -2.69338749e-02 -6.28056824e-02 -1.11434301e-02  6.40854463e-02
  2.81898808e-02 -4.13206853e-02 -3.47611308e-02  1.46298977e-02
  6.96511790e-02 -1.91543698e-02  2.83663664e-02  1.88160464e-02
  1.45498561e-02  2.28713918e-03  1.11056231e-02  7.60367513e-02
 -6.60663396e-02 -4.45986446e-03 -2.42693839e-03  8.29613674e-03
 -7.67033622e-02  2.80419569e-02 -4.95211482e-02  1.18146494e-01
  4.24035341e-02  4.79808487e-02  5.82759753e-02 -1.43014818e-01
 -8.89416710e-02  1.88169652e-03 -9.71700549e-02  1.17414519e-02
  7.53467232e-02  9.88503546e-02 -6.01513013e-02 -2.58263052e-02
  5.04610315e-02 -6.43616989e-02 -1.65649429e-02 -6.03953674e-02
  2.49530058e-02 -3.41569521e-02 -3.50022987e-02 -7.64812455e-02
  3.61057045e-03 -6.88911006e-02  2.93535944e-02 -5.10887429e-02
 -2.59869825e-02  2.44905334e-02  1.13005592e-02  4.10854816e-02
  5.04187029e-03 -7.32873753e-02  2.30233045e-03 -8.26469734e-02
 -1.79875232e-02  1.63457096e-02  7.93638006e-02 -9.02625620e-02
  4.46865000e-02 -4.41548191e-02  7.45905191e-02 -4.75942669e-03
  5.82324229e-02  2.58743614e-02  1.20745890e-01 -4.38917503e-02
 -4.11297679e-02  1.01421535e-01 -4.98935729e-02  1.72346886e-02
  3.76603976e-02  1.27806991e-01  5.94504625e-02  1.60320238e-33
 -8.16255286e-02  4.40203473e-02 -1.40701562e-01  5.97840287e-02
 -5.15944548e-02  2.21352782e-02 -1.54596092e-02  5.36601990e-02
  3.50263491e-02  5.58659062e-02 -8.94856006e-02  5.33171277e-03
 -5.28573617e-03 -4.60981252e-03 -5.93826249e-02 -1.36906300e-02
  1.49780393e-01 -4.37617861e-02  4.17224020e-02 -5.99142052e-02
  5.33172563e-02  1.57271643e-04 -8.89104456e-02 -5.47795705e-02
 -1.86604410e-02  2.18815766e-02  1.37072792e-02 -5.31815588e-02
 -8.75990465e-02 -7.00017288e-02 -1.26339905e-02  2.92873792e-02
 -1.45661216e-02  1.39228046e-01  8.48204177e-03  3.37960832e-02
 -3.63031775e-02  5.81755899e-02  2.03835145e-02  4.92306687e-02
  7.53709767e-03  5.47978133e-02  5.74143603e-02 -3.39048281e-02
 -3.02914530e-02  1.64128039e-02  8.96864310e-02 -1.00785755e-01
  6.89312965e-02  7.16679543e-02 -3.53875495e-02 -4.89976369e-02
 -4.19283565e-03  5.69086112e-02 -5.38913868e-02 -1.01621896e-02
  3.89506109e-02 -9.21637788e-02  4.08389308e-02  1.04523830e-01
 -1.67539716e-02  2.25882828e-02  3.64798447e-03 -1.00403763e-02
  5.59672490e-02 -4.43047332e-03  1.95316188e-02 -3.90642472e-02
  1.35951668e-01  5.91386110e-03  1.38208494e-02  1.23132104e-02
 -2.01952457e-02 -3.85049991e-02 -3.63250412e-02 -3.98209505e-02
 -7.44919181e-02  4.27499264e-02 -9.96850356e-02  1.61797218e-02
  3.13526578e-02 -2.34679040e-02  1.79462042e-02  3.05612423e-02
 -6.23354129e-02  1.13195917e-02  9.67258364e-02  4.09798883e-03
  4.09364738e-02 -2.34660995e-03  4.60004434e-03  2.72418186e-02
 -2.63451915e-02  1.92401726e-02  1.26187818e-03 -2.17187210e-08
  5.39432913e-02 -1.02120070e-02  4.58252318e-02 -2.09323093e-02
  9.99968201e-02 -4.00505774e-02  4.87532318e-02  1.93905290e-02
 -2.89698336e-02  3.22131515e-02  7.65541196e-03 -1.76269636e-02
 -1.78012811e-02  6.65244088e-02  1.13447225e-02  3.94836999e-02
  4.16402519e-02 -5.02638659e-03 -6.62728250e-02 -3.79455350e-02
 -3.62345502e-02  4.75506485e-02 -3.67707130e-03 -8.28361362e-02
  2.73657944e-02  5.26236631e-02  3.67819779e-02  5.42028621e-02
  3.36641632e-02  2.76604500e-02 -6.40573502e-02 -2.19555646e-02
 -1.87946390e-02 -3.98284234e-02 -1.02228656e-01  1.17837647e-02
 -5.59108965e-02 -2.95790136e-02 -1.00493142e-02  1.14136059e-02
 -2.52758246e-02  1.11680264e-02  4.25244495e-03  3.87221016e-02
  9.84563828e-02 -1.57108214e-02 -8.27209800e-02  1.15664322e-02
  6.41181087e-03 -3.40942340e-03  1.09307030e-02 -9.37727839e-03
  9.55408160e-03  6.65346682e-02 -1.74563040e-03 -7.72712454e-02
 -5.21431025e-03 -2.61874795e-02  3.48005854e-02  5.03733642e-02
 -5.62845208e-02 -6.59994632e-02  1.31838815e-02  9.32495855e-03]",3,2024-02-22 18:55:14,1
