,sEmbeddings,wEmbeddings,oEmbeddings,tEmbeddings,continentEmbeddings,review,sentiment,created_at,rating
0,"[-3.98036726e-02  5.90141788e-02 -5.03371619e-02  2.86823213e-02
 -1.42769977e-01 -3.21520753e-02  7.10560977e-02  1.98021531e-02
 -2.61136498e-02 -3.61022726e-02 -3.06697208e-02 -1.81107633e-02
 -4.07991111e-02  1.40762748e-02 -1.10984957e-02  3.05394549e-02
  6.81005940e-02 -3.41907106e-02 -3.90877202e-02 -1.33841690e-02
 -1.00744523e-01  5.33955023e-02  4.51650284e-02  1.67556424e-02
  1.05774347e-02  3.36102769e-03 -7.59032369e-02  2.11983658e-02
  1.26468524e-01 -9.27058235e-02 -7.62421405e-03  4.10543978e-02
  6.40609488e-02  4.63400148e-02 -4.22836235e-03  3.21136191e-02
  6.10821061e-02  6.13569794e-03  2.14691740e-02  9.32576600e-03
 -2.74783485e-02 -5.60500063e-02  8.46726224e-02  3.41367759e-02
 -2.75604706e-02 -5.61919734e-02 -3.08646020e-02  5.22041111e-04
 -1.51706850e-02  3.30393724e-02 -6.94712922e-02  6.77624205e-03
 -7.28558078e-02 -5.30984439e-02  3.48412059e-02  8.88070986e-02
 -6.28658906e-02 -4.15282883e-02 -2.92876214e-02  5.19966036e-02
  3.55394022e-03  4.24617827e-02  3.48842368e-02  2.56598797e-02
  2.18373463e-01  3.37489881e-02  2.18650904e-02 -2.72300523e-02
 -8.73064101e-02  6.31923648e-03  2.66386513e-02 -4.63422425e-02
 -1.91560760e-02  7.33741969e-02  6.27750158e-02 -1.92779638e-02
 -6.42883703e-02 -1.09160326e-01  1.57108773e-02  3.78442183e-02
 -9.25810728e-03  2.88532209e-02 -7.20487460e-02  1.11008994e-01
  1.69427563e-02 -1.90966539e-02  1.90431420e-02 -2.22637858e-02
  3.55956741e-02  3.57463509e-02 -2.57435199e-02  1.10287806e-02
  1.83491018e-02  5.41729294e-02  6.10352159e-02  2.06472371e-02
 -6.33393526e-02 -3.58673185e-02 -1.50597483e-01  8.01124349e-02
  2.55375393e-02  8.09409246e-02 -3.22917639e-03  3.34325396e-02
 -8.52865204e-02 -3.34576368e-02 -4.74103391e-02  1.83398984e-02
  3.15492041e-02  5.91505840e-02 -5.05697206e-02 -4.44980226e-02
 -1.22654857e-02 -2.06340700e-02  2.47699544e-02 -6.43093064e-02
 -1.03885353e-01 -8.25792958e-04 -1.41553665e-02  1.63840931e-02
  3.79244983e-02 -1.47385048e-02 -1.27466419e-03  7.35490210e-03
 -1.91046633e-02 -8.83386843e-03 -2.18293406e-02 -5.32111836e-33
  3.39784808e-02  4.81386445e-02  7.50332922e-02  1.41373798e-01
 -2.23134626e-02  1.69190217e-03 -3.71660218e-02 -4.13045697e-02
 -4.81944121e-02 -2.51530781e-02 -6.53480738e-02  1.00828208e-01
  2.03162991e-03 -3.47182304e-02  4.32018973e-02  2.67447494e-02
  4.97868238e-03 -1.73721854e-02 -4.35195677e-02  1.37616170e-03
  3.08339894e-02  5.25418408e-02 -5.18009700e-02  5.61875999e-02
  1.29116001e-03 -8.66774619e-02  3.30841802e-02 -3.64196277e-03
 -1.68687180e-02  4.38501453e-03 -2.67234091e-02 -5.73236980e-02
 -2.10156534e-02 -7.92569518e-02  2.78993836e-03 -4.83958945e-02
  4.63864207e-02 -7.43152061e-03  6.96792379e-02 -2.74707042e-02
 -9.62209031e-02  8.67257342e-02  2.59654634e-02  2.57921778e-02
  6.59358948e-02  4.52184789e-02  1.95235200e-02 -5.95461763e-02
 -5.10440804e-02 -1.08750267e-02 -8.21871741e-04 -3.26724462e-02
  5.01056761e-02 -6.09940384e-03  4.37545218e-02  3.64612006e-02
 -3.67710814e-02  1.48318678e-01 -7.02374727e-02  5.21879718e-02
  8.24758708e-02  4.09274437e-02 -2.76290886e-02 -5.62162921e-02
 -8.54555666e-02  2.13011494e-03 -6.67986125e-02  1.37400851e-02
  8.94376934e-02 -6.01068279e-03 -2.47115288e-02 -1.95254143e-02
  9.20772776e-02  1.55621041e-02 -2.76656784e-02 -5.65934442e-02
  1.63674466e-02 -1.18744047e-02  1.25739202e-02  6.27385546e-03
 -3.08618341e-02  5.73044531e-02  1.64240412e-02  2.54762899e-02
  1.49515104e-02 -1.64461415e-02 -2.06895079e-02 -1.38069049e-01
  3.49745601e-02  1.38323102e-03  1.43091604e-02 -2.72978619e-02
 -3.46553698e-02 -1.00676090e-01 -9.44223814e-03  1.93491660e-33
  5.49156517e-02 -3.71589549e-02 -9.38590765e-02  5.94221428e-02
  1.49893975e-02 -1.33093437e-02 -1.56375691e-02 -1.28106726e-02
  2.79985238e-02  1.49290534e-02  5.52996807e-02 -1.63454711e-02
 -4.42501530e-03 -6.10258318e-02  4.24460545e-02 -3.34599428e-02
 -4.07770276e-02 -1.97297931e-02  5.68554476e-02  5.48780188e-02
 -1.47174792e-02  6.08274527e-02  6.33502752e-02  8.13611746e-02
 -1.19011700e-02  2.93384604e-02 -4.19029221e-02 -6.76215440e-02
  3.59618738e-02 -2.75459345e-02 -3.24889156e-03 -3.82686257e-02
 -3.80958132e-02  2.25676969e-02 -3.31843109e-03  8.11760593e-03
 -1.24425637e-02 -6.54655043e-03 -3.66221182e-02  5.31998016e-02
  3.06915455e-02  4.05055434e-02  7.80594572e-02  4.42717038e-02
 -1.30427070e-02  1.15575893e-02  6.68951869e-02 -7.10868016e-02
  5.31140603e-02 -9.11059976e-03  2.28084996e-03 -7.33449534e-02
  1.07449200e-02  4.11516912e-02 -2.26951074e-02 -3.43383923e-02
  6.70927912e-02 -4.20863694e-03  3.10143316e-03 -6.65607397e-03
 -2.17830446e-02  2.66495235e-02 -8.48784521e-02  9.48652104e-02
 -4.68600877e-02 -5.60814552e-02 -5.58208488e-02  6.32604584e-02
 -5.63224144e-02 -4.98837121e-02  2.84909178e-02  3.43672768e-03
  1.00713618e-01 -1.93183199e-02 -7.65857920e-02 -6.57275692e-02
 -6.20025732e-02 -3.54044884e-02 -2.29315441e-02 -5.59715666e-02
 -1.52782440e-01 -1.78194419e-02 -3.45832855e-02 -3.90247926e-02
 -4.07410786e-03  1.19496211e-01  6.52124211e-02  8.63790698e-03
  3.55032012e-02  2.81272084e-02  1.77619271e-02  1.99525766e-02
 -2.08111387e-02 -6.58286810e-02 -3.20767462e-02 -1.65212750e-08
  3.50160897e-03 -1.51127726e-02 -2.26473399e-02 -2.81729642e-02
  2.33351327e-02  9.77903903e-02 -3.63971777e-02 -8.51667151e-02
 -1.05812354e-02  1.38975441e-01  3.51551361e-02  7.87095446e-03
 -6.70216531e-02  8.15795138e-02  3.90693126e-03 -3.05925962e-03
  7.16271251e-02  4.76464592e-02 -3.60259935e-02 -6.36662543e-02
 -2.25408319e-02  2.37937588e-02  4.93183807e-02 -8.72226025e-04
 -6.08728826e-02  1.47406263e-02 -1.16266467e-01 -9.60805342e-02
 -7.77851716e-02  4.96901087e-02  5.65617345e-02  3.20150219e-02
 -7.88871199e-03 -6.89712241e-02  1.88013054e-02  2.89803706e-02
  3.33384909e-02  1.07776141e-02 -1.61562245e-02  1.06505640e-01
 -1.42697785e-02 -4.67250533e-02  1.12296110e-02 -3.96872405e-03
  2.22892910e-02 -5.26375733e-02  2.10279077e-02 -4.32599150e-02
 -1.08481683e-02 -4.92647327e-02  8.39612857e-02 -2.99082398e-02
 -4.09885868e-02  8.76194052e-03  7.68312439e-03  4.27130319e-04
 -1.69316377e-03  3.64581496e-02 -2.76586786e-02 -3.92757244e-02
  1.01285741e-01  1.10767959e-02  7.71787716e-03  3.29315215e-02]","[ 9.02273692e-03  2.67398562e-02  2.30275299e-02  1.45546079e-01
 -1.13955885e-02 -2.79021505e-02 -6.04635961e-02  9.69465822e-03
 -3.70529257e-02  4.90326621e-02  8.18314701e-02 -5.17265201e-02
  2.09589233e-03  6.46299217e-03  5.10751233e-02 -1.36449158e-01
  1.47810072e-01 -8.00569654e-02 -6.49010465e-02 -9.16824043e-02
 -3.11205164e-02 -1.41707612e-02 -3.44966389e-02 -1.51767023e-03
 -5.93490079e-02 -3.76448408e-02 -7.37742782e-02 -1.99510362e-02
 -8.13314617e-02  8.99386685e-03 -3.76949832e-02 -2.41873059e-02
 -1.24528836e-02 -1.09961005e-02  6.93281787e-03  5.22547737e-02
  6.01220764e-02 -6.42341301e-02 -2.73020156e-02  8.66913423e-03
  2.67481450e-02  3.59327463e-03  3.04433089e-02  1.56718399e-02
 -3.59270014e-02 -1.91666652e-02 -4.33311723e-02  4.65593003e-02
 -5.70934936e-02 -5.10889143e-02 -6.42205309e-03  4.17768732e-02
  3.69348601e-02 -1.22622466e-02  3.86105143e-02  2.57717632e-02
 -1.21319592e-02 -1.63856260e-02 -9.42485482e-02  7.51835927e-02
  2.16922555e-02  2.08007428e-03 -6.16902597e-02 -2.99699176e-02
  8.36973935e-02 -3.15630175e-02  1.90465916e-02 -1.01801585e-02
 -4.18384820e-02  2.64731832e-02 -3.61093283e-02  1.65491179e-02
 -6.19395748e-02 -4.03719209e-03  6.13965988e-02 -6.89128190e-02
  8.59002620e-02 -9.47510004e-02  4.66592647e-02  1.39619978e-02
  6.53066114e-02 -6.10289238e-02 -9.15968732e-04  6.35990500e-02
 -4.83342782e-02 -9.75344107e-02  1.12031676e-01  1.98447127e-02
  5.49349282e-03 -7.42232203e-02  7.10691810e-02  8.83327983e-03
  2.44415533e-02  1.21357688e-03 -3.12438030e-02  6.96349889e-02
 -1.73712950e-02 -2.05597486e-02 -1.00334913e-01 -2.38052011e-02
 -2.02634409e-02  1.45838792e-02 -1.92397740e-02  7.90507942e-02
  5.63838743e-02 -3.97164524e-02 -9.71425138e-03 -5.45027666e-02
 -1.43516008e-02  6.04135543e-02 -5.63339852e-02  6.18771724e-02
 -6.31669955e-03  1.28698384e-03 -3.76694538e-02 -2.50504594e-02
 -5.01576252e-02 -7.56796598e-02  8.78957808e-02  3.93286021e-03
 -4.33308817e-02  4.32226248e-02  1.41906794e-02 -8.34607985e-03
 -5.06414212e-02  4.25853953e-03  3.53914946e-02  3.91512904e-34
 -1.19660087e-01 -1.47533407e-02  1.96899865e-02 -2.73735002e-02
  5.19615076e-02 -8.75582024e-02 -8.72416869e-02  7.93809479e-04
  1.16808943e-01  2.24070735e-02 -2.85885613e-02 -9.79526341e-02
 -4.69916798e-02  3.63534642e-03  1.00412160e-01  2.61440407e-03
 -1.20008271e-02  6.13550209e-02  1.12321228e-01  9.10162106e-02
 -8.41336548e-02 -1.16606072e-01  4.35436405e-02 -2.92045879e-03
  9.87423956e-02  1.34130893e-03  3.09909182e-03  3.11266184e-02
 -6.56128803e-04 -5.61102666e-03  3.71647142e-02 -4.04059254e-02
 -4.28080074e-02  1.37502505e-02 -4.43982333e-02  1.43187324e-04
 -5.55618033e-02 -2.99136974e-02 -9.68725234e-03  7.48441219e-02
 -6.58452809e-02  1.37468465e-02  6.83133826e-02  5.03297150e-02
  2.08368599e-02  4.71787378e-02  2.56343000e-02 -4.88911867e-02
 -5.59822060e-02  2.43318616e-03 -3.92024964e-02  3.54354493e-02
  2.65419260e-02 -4.47052047e-02 -1.53503595e-02 -4.66111079e-02
  4.74592447e-02 -6.14005402e-02 -2.94385627e-02  3.62420678e-02
 -5.94656765e-02 -1.68641452e-02 -1.99007336e-02 -6.82029724e-02
  8.26840699e-02 -2.74123326e-02 -2.31448319e-02 -3.83357331e-02
  6.60954183e-03  4.46595140e-02  3.26561532e-03 -4.48916666e-02
 -1.40683809e-02 -6.01046085e-02  5.87745197e-02 -3.29905376e-02
  7.19981417e-02 -5.31091448e-03 -1.03619117e-02 -9.10088122e-02
  3.31096686e-02  1.17242457e-02  8.86613727e-02  2.37883385e-02
 -1.04463967e-02 -1.34579381e-02 -4.40893769e-02  4.86426726e-02
  8.01449120e-02  8.41994286e-02 -5.33668250e-02 -6.17178716e-03
  2.94106803e-03  6.82538748e-02  1.00082615e-02 -2.92312201e-34
  1.69421965e-03  1.37184942e-02 -4.16137800e-02  5.91025464e-02
  6.27506152e-03 -1.26876254e-02  5.19729918e-03 -6.54262453e-02
  7.66731203e-02 -9.95108858e-03 -8.84982795e-02 -3.78500736e-05
  7.84613788e-02 -2.63786372e-02  1.40267406e-02  5.05977869e-02
  1.91070996e-02 -2.90027447e-02  1.62029248e-02 -1.56982038e-02
 -6.53385073e-02  2.36605927e-02  2.24641385e-03  3.82219926e-02
 -7.50886425e-02  5.68441898e-02 -6.43369853e-02 -1.08150942e-02
 -6.15309887e-02 -1.18272536e-01 -6.06316477e-02 -1.61961354e-02
  1.92204583e-02  2.48402245e-02 -1.45743666e-02  1.03334479e-01
 -6.49963096e-02  4.15806100e-02  5.70096932e-02  5.79321198e-02
  4.89766076e-02  1.45561360e-02  1.42777916e-02  4.32358608e-02
  8.60265642e-03  3.75088230e-02  8.01359396e-03 -7.72137940e-02
  7.82918930e-02  9.94971693e-02  3.69573757e-02 -9.03363749e-02
 -6.44459277e-02  3.99283394e-02 -3.07490397e-02 -8.86038784e-03
  6.72602057e-02 -1.54052405e-02  3.32826152e-02 -3.11257262e-02
  5.99684892e-03 -8.91657546e-03  9.14654881e-02  4.66946550e-02
 -6.43807976e-03  4.25226241e-02  5.45348600e-02 -8.83703679e-03
  1.36473849e-01  1.38680059e-02  3.62339653e-02 -1.84709504e-02
  5.16067818e-02 -6.35543838e-02 -2.13570613e-02  7.41510466e-02
 -3.22267227e-02  2.86664460e-02 -7.75992572e-02  7.17207184e-03
 -8.97781458e-03  2.20349617e-03  2.43520252e-02 -1.12338294e-03
  4.52333316e-02 -2.19072010e-02  2.78929379e-02 -3.94206755e-02
  1.51583087e-02  7.50157014e-02 -5.52625693e-02  1.23647908e-02
  3.35799828e-02  6.29370064e-02  1.80419646e-02 -2.31171153e-08
  6.75984323e-02 -7.27631152e-02  4.06773910e-02  2.84148268e-02
  1.21698389e-02 -7.25637376e-02 -2.39775283e-03 -1.58387795e-02
  2.03157756e-02  8.80720019e-02 -6.33540303e-02  1.24676399e-01
  9.08086635e-03  5.15864305e-02 -2.30561998e-02 -1.03694052e-02
  1.40552698e-02  8.00618306e-02 -5.68458512e-02 -8.79392773e-02
 -4.30104397e-02  3.54131833e-02  5.17313275e-03 -2.56917831e-02
  6.53349459e-02  4.24872153e-02 -2.48535946e-02  1.24848420e-02
  1.03966564e-01  3.03450637e-02 -3.73291075e-02 -2.12982669e-02
  1.61960945e-02  2.73955707e-02  1.50427222e-02 -1.26858484e-02
 -1.62383504e-02  4.70533893e-02 -2.23438852e-02 -3.27579975e-02
  8.45971052e-03  1.57715436e-02 -8.05957019e-02  2.34046970e-02
  6.25935430e-03 -3.40165608e-02 -1.10160246e-01  9.29063037e-02
 -9.16461926e-03  8.90998468e-02  4.18600366e-02  6.88712439e-03
  1.57164298e-02  5.29409572e-02 -3.77758630e-02 -3.83360945e-02
 -2.06753314e-02 -3.95113342e-02  7.73565248e-02  9.25542042e-02
 -9.69511122e-02  1.44871045e-02 -7.61980861e-02 -1.82046406e-02]","[-3.46219656e-03  2.96403700e-03  3.76185663e-02  1.15178421e-01
  5.23467362e-02 -3.13549340e-02 -3.49645503e-02 -7.47655928e-02
 -2.05768477e-02  3.98156829e-02  7.92685598e-02 -2.20981874e-02
 -2.82925367e-02  5.12565710e-02  4.88965847e-02 -1.08830936e-01
  8.68494064e-02  6.73621078e-04 -1.12647206e-01 -9.67220590e-02
 -2.00883895e-02 -7.81270559e-04  2.83546131e-02 -2.24933848e-02
 -5.06543666e-02 -4.46379893e-02 -7.95691013e-02 -3.07252407e-02
 -3.46048921e-02  1.07418699e-02 -2.99433060e-02 -3.89473600e-04
  3.25676240e-02  5.21307774e-02 -2.32265629e-02  9.38105732e-02
  4.00199853e-02 -6.00591041e-02 -1.18647134e-02 -1.22850686e-02
  1.05683450e-02 -7.38421753e-02 -7.56566739e-03  3.90918776e-02
 -3.72532681e-02 -1.11846784e-02 -6.40140772e-02 -9.31491144e-03
 -4.11189813e-03 -1.51775377e-02 -3.29768239e-03  2.89801490e-02
 -2.69235019e-02  2.53119250e-03 -7.83675443e-03  1.02099098e-01
  2.56468728e-02 -9.85562429e-02 -5.84721118e-02 -4.12670895e-03
 -5.76353632e-04  2.22647134e-02 -4.90108617e-02 -1.66156739e-02
 -1.19859586e-02 -4.11375687e-02  2.87137437e-03  1.02070473e-01
 -4.18430008e-02 -3.59810470e-03  3.88377942e-02  6.64255247e-02
  5.54814748e-03  3.02366707e-02  5.57727218e-02 -6.34180605e-02
  9.67463627e-02 -2.88149957e-02  2.21883673e-02  8.42308160e-03
  4.72710170e-02 -2.33415719e-02 -1.09564848e-02  7.13194385e-02
 -1.17119364e-01 -2.76596323e-02  5.45615368e-02  2.46889777e-02
  4.85206535e-03 -6.92143291e-02  3.33890729e-02 -4.10756283e-02
 -2.97726691e-02  5.90880727e-03 -1.36830704e-02  4.27275375e-02
 -4.85125743e-02 -1.95200685e-02 -1.82509162e-02 -4.32195626e-02
  4.13960870e-03 -1.76718365e-02 -4.53336164e-02  2.79208589e-02
 -7.99508780e-05 -5.59067316e-02 -6.89635053e-04 -2.02362649e-02
 -4.28989623e-03  5.12973666e-02 -1.37138190e-02  6.13118112e-02
  3.34962225e-03  3.58001366e-02 -6.11628406e-02  8.54697749e-02
 -7.89564475e-02  7.14675058e-03  6.12469874e-02 -2.50006206e-02
 -2.62641422e-02  9.47738066e-02  4.16689590e-02 -6.10045046e-02
  4.96388599e-03 -1.35511719e-02  1.11003250e-01 -4.90038707e-34
 -1.27185568e-01 -4.74167615e-02  1.62221156e-02  2.13423315e-02
  1.13049001e-01 -6.66655377e-02 -8.64052922e-02 -1.23793073e-02
  8.79341066e-02  1.49971517e-02 -1.08102962e-01  3.52176279e-02
 -2.68585756e-02  1.53037058e-02  7.53282569e-03 -1.03266582e-01
 -6.48758039e-02  1.30970478e-01  4.78300117e-02  7.84511715e-02
 -6.45363554e-02 -1.48138374e-01  6.79286048e-02  2.88531911e-02
  8.45912918e-02  1.21951085e-02  8.19679536e-03  2.55650617e-02
  4.57643233e-02  3.67585034e-03  9.82235651e-04 -2.19388865e-02
 -6.42105788e-02 -1.79626886e-02 -6.65887445e-02  1.77370850e-02
 -3.64960693e-02 -1.07398024e-02  2.55272705e-02  2.01528277e-02
 -1.29992673e-02  1.05497949e-02  3.72668095e-02  5.16948625e-02
 -6.21793196e-02  6.12899810e-02  9.63882543e-03 -2.01275591e-02
 -3.09544499e-03  1.17613943e-02 -1.09139439e-02 -2.64963247e-02
  7.49207810e-02 -9.24379677e-02 -3.56407054e-02 -4.63969558e-02
  5.94259948e-02 -1.49224913e-02 -4.87727951e-03 -3.73267047e-02
 -2.86674108e-02 -2.07392909e-02 -1.97677016e-02 -3.00633740e-02
  8.53107497e-02 -2.12116782e-02 -2.27008592e-02 -2.91857738e-02
  2.98387837e-02  3.90855363e-03  3.23713124e-02 -2.31817719e-02
  3.54824215e-02 -4.82811499e-03  5.00203036e-02  1.47702117e-02
 -9.43545625e-03  5.05920034e-03  2.16974318e-02 -6.13948144e-02
  6.56917915e-02  2.46844650e-03  1.19538233e-02  5.87946363e-03
  7.36882687e-02 -4.47847582e-02 -3.07411607e-02  1.28534678e-02
  1.25063937e-02  9.89803597e-02 -6.69416189e-02  1.66912600e-02
  3.52544826e-03  6.79664910e-02  3.19963284e-02  2.15594756e-34
  6.87799603e-02  1.31036192e-02 -4.41310667e-02  8.03256780e-02
  4.07817885e-02  1.24624353e-02  1.86280850e-02 -9.18218866e-02
  3.57634611e-02 -1.74824544e-03 -1.28351167e-01 -3.86305638e-02
  5.04864939e-02 -2.54926328e-02 -1.06603429e-02  6.84650838e-02
 -2.35390011e-02 -2.27383468e-02  7.76046002e-03  3.32465060e-02
 -4.93080281e-02  1.57288071e-02 -7.61247128e-02  5.83651029e-02
 -3.52887474e-02  8.92472863e-02 -3.01585700e-02  1.97964218e-02
 -1.38227820e-01 -9.70811397e-02 -7.45341629e-02 -8.29053298e-02
  2.49560028e-02  1.58553049e-02  1.25886267e-02  5.62954247e-02
  2.35116631e-02  5.03688008e-02  6.88061193e-02  6.54349178e-02
  6.44022003e-02 -4.78600934e-02  3.53148729e-02  4.58326600e-02
 -1.71970371e-02 -3.09464820e-02  4.98432806e-03 -8.67976472e-02
  5.68672605e-02  4.24113087e-02  1.30481608e-02 -2.82048807e-02
 -8.22408795e-02 -3.04509494e-02  1.74930983e-03  6.61973953e-02
 -6.17432147e-02 -4.76945192e-02 -1.77809037e-02 -1.25982286e-02
  2.49778032e-02 -1.80777311e-02  1.17083870e-01  1.88394915e-02
 -4.12126444e-03  1.51317269e-02  6.26989231e-02 -7.65620321e-02
  5.10080419e-02  7.37064611e-03  2.71965601e-02 -1.66865494e-02
 -2.33850703e-02 -5.88087190e-04 -2.55969241e-02 -2.12997869e-02
  2.18353011e-02 -4.25382219e-02 -6.00788593e-02  6.07282370e-02
 -5.42526739e-03 -4.11434993e-02 -1.05477674e-02  4.80113029e-02
  4.31757979e-02 -2.48474553e-02  1.54113751e-02 -1.38827180e-02
  6.04873113e-02  7.62063786e-02 -3.51306796e-02  7.43463449e-03
  4.02648225e-02  6.17642775e-02  2.79233186e-03 -2.19765468e-08
  3.38274390e-02 -1.21797368e-01  2.51318999e-02  1.62349325e-02
  4.77188360e-03 -4.88779955e-02 -4.71431538e-02 -2.46564508e-03
  2.26065572e-02 -6.28970010e-05 -7.03237504e-02  1.28880188e-01
  1.57922301e-02  7.22206011e-02  3.08957640e-02 -1.24096777e-02
  1.95896272e-02  2.54261922e-02 -6.52414858e-02 -7.90142193e-02
 -1.13047101e-03  6.22031242e-02  5.04177175e-02 -1.28010344e-02
  6.10890388e-02  1.48134008e-02 -5.53696044e-03  6.63173571e-03
  1.36718407e-01 -3.42634856e-03 -2.07668487e-02 -2.40856558e-02
 -1.72620770e-02  1.83005910e-03  4.44990881e-02 -1.37099493e-02
 -1.45726195e-02  1.42536806e-02  6.35129288e-02 -2.68342625e-02
  8.28307588e-03  3.69083099e-02 -5.17754816e-02  6.06309157e-03
 -2.71276608e-02 -3.69419120e-02 -1.45352498e-01  9.19252634e-02
 -3.71761061e-02  9.60491449e-02  5.71010215e-03 -4.73424681e-02
  2.87577398e-02  7.64233544e-02 -4.12686877e-02 -1.51793649e-02
 -4.06692103e-02 -5.09202443e-02  1.70595050e-01  9.63394567e-02
 -6.80263788e-02  4.69295494e-03 -2.50027385e-02 -3.57289203e-02]","[ 1.17758021e-03  5.15686534e-02  5.44568598e-02  4.41978090e-02
 -4.49961722e-02  6.45665973e-02  8.48592725e-03 -9.51909646e-03
 -2.42493246e-02 -7.39654750e-02  1.20942138e-01 -1.40224081e-02
  8.98696780e-02 -2.92692687e-02  6.06150776e-02 -1.39373586e-01
  1.45843655e-01 -1.30447624e-02 -1.03859104e-01 -4.94517908e-02
 -1.34541804e-03 -4.52269893e-03 -6.43529668e-02  5.16242459e-02
 -8.25216174e-02 -4.62241173e-02  6.53841672e-03  1.32617764e-02
 -6.46474883e-02 -3.65965702e-02  1.46950483e-02  8.04426987e-03
  6.25994056e-02 -3.52946445e-02  2.00083628e-02  2.25894190e-02
  1.00018643e-01 -9.13489908e-02  3.95513102e-02 -1.69855414e-03
 -7.26842554e-04 -5.05871102e-02 -7.94950351e-02  2.08059195e-02
 -4.72265333e-02 -4.52353619e-02 -3.27939950e-02 -1.99452415e-02
  2.48525245e-03 -3.01660243e-02 -1.64025407e-02  8.10983870e-03
  3.37567516e-02 -2.84985602e-02  1.66466162e-02 -8.88969973e-02
 -2.12140419e-02 -3.22737098e-02 -4.60468270e-02  9.13943052e-02
  2.65197773e-02 -7.61581361e-02 -2.85489904e-03  2.39917096e-02
  6.72416687e-02 -3.87597345e-02 -6.30886033e-02 -8.89580883e-03
 -2.91324742e-02  5.25062643e-02  2.51840223e-02 -1.09243676e-01
  1.48135964e-02 -7.97463290e-04 -8.54778383e-03  6.76018093e-03
  8.88055265e-02 -5.11470661e-02  1.25700254e-02  2.24912651e-02
  5.24552353e-02 -4.46246378e-02 -7.36701908e-03  1.07718229e-01
 -6.62991256e-02 -4.89029810e-02  3.23564038e-02 -6.31754547e-02
  2.84366105e-02 -1.17970752e-02  3.82566527e-02  6.34040833e-02
  8.09301063e-02  8.46325047e-03  1.31703913e-02  6.63349032e-03
 -2.79821064e-02 -1.62444159e-01 -2.33500712e-02  6.34265468e-02
  5.82169555e-03  8.92202929e-03  1.50961755e-02 -4.00738157e-02
 -1.70895569e-02 -8.40644091e-02 -4.32076640e-02  3.35424580e-03
 -6.04767427e-02  8.53553265e-02 -2.52823085e-02  3.02974880e-02
 -2.92026307e-02 -4.06503268e-02  3.91013399e-02  3.35999057e-02
  2.89862510e-03 -6.79922551e-02 -1.53057091e-02  1.79307759e-02
 -3.24252062e-02  5.12273200e-02 -4.30260785e-03 -1.73425721e-03
 -5.66052571e-02  1.90729443e-02 -5.59457752e-04 -3.85818589e-33
 -9.72851738e-02 -2.95621082e-02  1.61878485e-02 -3.14042978e-02
  6.23466596e-02 -5.93203679e-02 -1.26310214e-02 -1.79329831e-02
  3.81697454e-02  6.79207444e-02  1.11231068e-02 -5.99798299e-02
  3.52400392e-02 -8.31589103e-03  7.90867880e-02  2.78602242e-02
 -2.45179515e-02  7.95602947e-02  2.14208513e-02  6.21769158e-03
 -5.64359613e-02 -3.40181887e-02  4.89041656e-02  5.20432405e-02
  1.50159197e-02 -1.25360359e-02 -1.59642287e-02  7.85672572e-03
  6.45617768e-02 -2.01547518e-02  6.15341626e-02 -6.41070632e-03
  2.93934233e-02 -2.60603800e-02 -1.31350104e-02  5.59172891e-02
 -7.14501441e-02  1.00850230e-02 -7.36448392e-02 -1.68699045e-02
 -6.16523661e-02  2.54776254e-02  2.05188841e-02  1.08006597e-01
  8.97904932e-02  2.51401272e-02  6.10324405e-02 -6.65535480e-02
 -8.23537707e-02  1.41961174e-02 -7.07796291e-02 -1.36352088e-02
  2.36142718e-04  7.43771121e-02 -5.81419244e-02 -1.02024209e-02
  3.79859954e-02 -4.76912968e-02  1.01637631e-03 -7.88991451e-02
  9.21076071e-03  5.47027506e-04 -4.75530066e-02 -3.45940441e-02
  4.79312688e-02 -1.01740107e-01  4.35991399e-02 -7.74141401e-02
 -2.16011647e-02 -8.72855354e-03  3.69873382e-02  1.03118271e-02
  8.82216450e-03  5.99733694e-03  1.30936150e-02 -4.34334911e-02
 -8.71654376e-02  1.34392772e-02  8.98943916e-02 -4.54720929e-02
  4.56517786e-02  3.10193980e-03  6.04210570e-02 -5.35941683e-03
  4.68004402e-03  7.90097788e-02  5.39145917e-02 -6.87220022e-02
  3.45364138e-02  1.16635613e-01 -5.78279160e-02  3.11696380e-02
  2.16715205e-02  1.14545159e-01  1.20889349e-02  1.32458873e-33
 -9.06630754e-02  3.86517011e-02 -8.31667110e-02  5.09447381e-02
 -5.19500673e-02 -6.62373565e-03 -5.30276597e-02  2.56187413e-02
  3.93505394e-02  2.04036441e-02 -7.93113783e-02  3.27299312e-02
  2.52174530e-02  8.61991569e-03 -4.47087958e-02  6.94789737e-02
  7.14205727e-02  1.72651280e-02 -9.18152556e-03 -9.76883322e-02
  4.98215377e-04  3.00053339e-02 -3.45676616e-02  6.62852749e-02
 -8.42800960e-02  6.77406266e-02 -3.92021425e-03 -3.00607644e-02
 -8.53005797e-02 -1.17156543e-01  4.77181189e-03  3.52219492e-03
  4.85453615e-03  1.16931446e-01 -4.79792710e-03  3.69077884e-02
 -1.08206528e-03 -8.43873806e-03 -4.74119112e-02  7.90587440e-03
  4.47257832e-02  2.20842902e-02  2.41347328e-02 -1.08755408e-02
 -3.94709781e-02 -5.68865053e-03  7.17073455e-02 -1.24662034e-01
  5.59544154e-02  1.45211089e-02 -5.67137776e-03 -6.75813928e-02
 -1.02524431e-02  7.47405216e-02 -4.79379073e-02  1.12304967e-02
  5.19568585e-02 -5.23948744e-02 -1.17551116e-03  6.67768493e-02
  1.97370034e-02  6.53085113e-02 -6.74627814e-03  5.44135161e-02
  7.86519870e-02 -3.25560756e-02 -1.60701349e-02 -1.37459654e-02
  1.30821392e-01 -3.78269888e-02  5.34151495e-03 -9.20034538e-04
  9.93473805e-04  5.07798232e-03 -8.60564709e-02 -6.82387203e-02
 -8.91503990e-02  3.81735750e-02 -7.80251473e-02 -1.14711635e-02
  7.48629719e-02 -7.06915632e-02  1.58855319e-02  8.36348254e-03
 -2.45166607e-02  1.32792424e-02  8.45512375e-02 -3.69171496e-03
  3.04625630e-02  6.85944110e-02 -9.52005759e-02  4.98739677e-03
 -3.34301852e-02  3.43772992e-02  4.02077474e-02 -2.16647429e-08
  8.59567299e-02 -4.59471866e-02  3.30379307e-02  4.17128950e-02
  3.54284383e-02 -8.25127885e-02 -2.20900178e-02  2.61486489e-02
  1.24317994e-02  1.07578449e-01 -1.08773582e-01  2.72814538e-02
 -5.70300482e-02  1.26500027e-02 -2.56935637e-02  3.01879421e-02
  7.36744106e-02  7.99854577e-04 -1.47026079e-02  3.57410051e-02
 -4.81619164e-02  5.18548377e-02  6.24210527e-03 -6.07495755e-02
  6.91282377e-02  6.19115634e-03  2.16004010e-02  7.26728365e-02
  5.00265323e-02  3.09365690e-02 -3.33456732e-02 -4.04843017e-02
  7.94576295e-03 -7.22329738e-03 -7.59827048e-02  9.79303941e-03
 -9.42627639e-02 -5.71471676e-02 -2.58399756e-03 -2.89636180e-02
 -6.31491542e-02  6.43473715e-02 -1.19729852e-02  2.27559600e-02
  5.90495057e-02  2.12723780e-02 -7.01982602e-02  5.71623668e-02
  3.30043510e-02  1.13936551e-02 -3.52150239e-02  1.88491493e-02
  6.56617805e-02  2.89355889e-02 -3.83317992e-02 -5.40891066e-02
  2.91363038e-02 -8.85790121e-03  6.66059256e-02  3.11200190e-02
  2.73731872e-02 -4.02959734e-02 -2.35550348e-02 -3.54354992e-03]",1,Taking too long to delivered and the food is always cold.,2,2024-02-22 19:04:53,3
1,"[-9.51618887e-03  4.51584980e-02 -1.99174713e-02 -5.01308069e-02
 -6.27964139e-02 -2.27823984e-02  7.30053261e-02  1.25946507e-01
 -9.51215327e-02 -6.87253699e-02 -6.85392842e-02  6.26600310e-02
  1.81417372e-02  2.14568488e-02  4.68414351e-02  2.36377306e-02
  1.67136341e-01 -4.03021611e-02 -6.64100125e-02 -3.11766099e-02
 -5.67365922e-02 -3.88570875e-02 -3.82654206e-03  3.45481746e-02
 -6.42475560e-02  2.63784118e-02 -7.82282427e-02  2.90007479e-02
  1.30475730e-01 -7.03615993e-02 -1.66941974e-02  4.37132642e-02
  8.77520144e-02  8.90527479e-03 -1.73781384e-02  7.30143338e-02
 -1.00893748e-03 -7.32168332e-02 -2.17499062e-02 -2.03319285e-02
 -6.98515326e-02 -8.75761658e-02  2.26021297e-02 -2.98109949e-02
  3.50120268e-03 -1.39781535e-01  5.21411002e-02  1.05615836e-02
  3.23878378e-02  4.11739163e-02 -8.03645402e-02 -3.11692245e-02
  1.80773926e-03 -8.49246085e-02 -4.05370211e-03  6.42830804e-02
  6.87768450e-03 -4.73083258e-02 -4.84137647e-02 -1.20445816e-02
  4.05852403e-03 -1.83607023e-02  3.64922616e-03  7.97849074e-02
  1.12485118e-01  6.03907183e-03 -7.98709095e-02 -1.98003612e-02
 -7.86136612e-02 -7.25741088e-02 -1.62516087e-02 -5.62284961e-02
  3.35701532e-03  6.65370971e-02  1.63264852e-02 -9.96229146e-03
 -1.83573421e-02 -1.03157468e-01  2.63600443e-02  9.19422600e-03
  2.13260800e-02 -5.04452214e-02 -6.10605404e-02  5.30335754e-02
 -1.39682554e-02 -3.80136259e-02  3.01502552e-02 -5.76123148e-02
  4.54844674e-03  2.32136361e-02  7.69556463e-02  1.14824057e-01
 -4.16931733e-02 -2.95153577e-02  1.35598583e-02 -1.10949380e-02
 -7.01166242e-02 -4.84696515e-02 -1.09523609e-01  5.62149249e-02
  7.36021856e-03  6.03991076e-02  4.00969461e-02 -4.92153876e-02
 -8.18487108e-02 -9.83567238e-02 -1.92815755e-02 -8.25445540e-03
  1.83509570e-02  5.88721484e-02 -1.06337488e-01 -4.11778018e-02
 -1.88609923e-03  5.81168849e-03  5.65209128e-02 -2.31043883e-02
 -9.02967229e-02  4.34244834e-02 -1.30197629e-02  5.69029227e-02
  7.04624802e-02  3.62669141e-03  2.52354778e-02 -3.44541818e-02
 -3.55471186e-02 -1.28400568e-02  2.96923928e-02 -4.84162172e-33
 -9.98638421e-02  6.23702370e-02  7.84385279e-02  9.29820240e-02
 -2.83852313e-02 -5.31907640e-02 -1.83208678e-02 -4.16843267e-03
 -7.93034881e-02 -4.83054807e-03 -2.24248390e-03  1.46754965e-01
  2.27113049e-02  4.45340686e-02  4.99160886e-02  3.35591994e-02
 -3.92338037e-02  4.60040905e-02 -1.50519190e-02  5.15686944e-02
 -6.96928846e-03 -1.75704006e-02 -3.20715308e-02  2.05535982e-02
  2.81763859e-02 -6.78413883e-02  5.44295572e-02  7.67783150e-02
 -6.08174456e-03  2.22083684e-02  5.64094484e-02 -7.13418052e-02
 -5.40095493e-02 -5.63188083e-02 -4.23343778e-02  1.36820681e-03
 -5.29320613e-02 -3.76786329e-02  7.82909319e-02 -4.28880705e-03
 -9.94639099e-02  2.63448190e-02  3.68860811e-02  4.06313725e-02
  7.81078041e-02  6.82572052e-02  4.72031683e-02 -1.63606144e-02
 -5.64272106e-02  3.54070566e-03 -4.26929966e-02 -4.31069685e-03
  1.59973465e-02  8.28373134e-02 -3.70069570e-03  6.36664703e-02
  2.85540726e-02  5.78194857e-02 -2.92611476e-02  1.09612383e-02
 -1.18155079e-02  3.69911008e-02 -7.71504864e-02 -6.80501089e-02
  1.62159814e-03  1.89480074e-02 -3.20687960e-03 -3.55428308e-02
  3.85259986e-02  1.59495920e-02 -1.47010209e-02 -7.02161249e-03
  6.24784902e-02 -4.23870236e-02 -1.67348341e-03 -2.64766999e-02
 -3.95440683e-03  9.98629630e-03  7.83657357e-02  2.48824153e-02
 -2.22856868e-02 -1.08055575e-02  5.95975779e-02  1.65074226e-02
  2.89106183e-02  5.14181331e-02 -2.64212135e-02 -1.33974105e-01
 -2.54801083e-02  1.04700126e-01  8.98559764e-03  5.70782498e-02
 -2.53871568e-02  4.26350161e-02  6.47653034e-03  2.41726601e-33
  1.78261064e-02  1.19785871e-02 -5.55186681e-02  1.10503644e-01
  1.17569864e-02 -2.45469087e-03 -5.89185730e-02 -3.04185171e-02
  2.57211812e-02  5.35660498e-02  2.99005546e-02  4.03875718e-03
 -4.02341373e-02 -9.53359343e-03 -5.84408268e-02 -1.48035120e-02
 -1.05972951e-02 -4.75550219e-02  3.79640646e-02 -2.19496451e-02
  1.92733072e-02  1.21167734e-01 -2.31071059e-02  4.34603356e-02
 -1.24599226e-02 -1.71622317e-02 -1.03282079e-01 -1.40655801e-01
  1.82740111e-02 -7.36414343e-02 -1.62307844e-02 -5.13161942e-02
 -5.27310632e-02  6.75260946e-02  2.22029481e-02  1.06489137e-02
  5.94496913e-03 -7.43971467e-02 -6.43909676e-04  6.62974119e-02
  4.03679684e-02  3.44592743e-02  4.67738397e-02 -1.64039694e-02
 -2.11081374e-02  3.35361157e-03  5.26736900e-02 -9.66821313e-02
  3.82391065e-02  7.10479170e-03  1.03753125e-02 -2.95877755e-02
  3.44410120e-03  2.56874245e-02  3.04542179e-03 -1.32488441e-02
  1.09087117e-01 -4.14108746e-02 -7.56024988e-03  1.08374320e-02
 -5.86394742e-02  7.15935975e-02 -5.81615828e-02  6.96306005e-02
  6.25301749e-02 -6.39648512e-02  2.96939388e-02 -3.24079441e-03
 -4.83979210e-02 -3.25835757e-02  1.22763915e-02 -2.02791672e-02
  9.32239890e-02  7.11905397e-03 -9.49285403e-02  2.29307730e-02
 -1.10948430e-02 -6.04243614e-02 -5.89626580e-02 -4.88487370e-02
 -5.52849434e-02 -3.87376845e-02  1.81225780e-02 -2.00388171e-02
 -2.65684407e-02  4.29839306e-02  1.00521771e-02 -4.07331698e-02
 -2.14378051e-02  3.19744386e-02 -3.64978462e-02  1.08886823e-01
 -4.60192710e-02 -3.51695493e-02 -2.13877507e-03 -2.27857573e-08
 -3.89255099e-02 -8.19783583e-02 -5.99734066e-03 -3.00235040e-02
  1.94798908e-04  8.22120626e-03 -1.52768213e-02  2.29040328e-02
 -1.88960228e-02  5.07732183e-02 -1.30865378e-02 -1.03862807e-02
 -1.40819952e-01  9.80432034e-02  8.30399022e-02  1.98192000e-02
  6.50697276e-02  8.23983848e-02 -3.44099253e-02 -5.47109582e-02
  3.54455560e-02  7.51278996e-02  7.65084401e-02 -2.01394199e-03
 -3.50358561e-02  3.18560712e-02 -3.49162519e-02 -4.62223813e-02
 -4.09438312e-02 -1.32469996e-03  3.34446244e-02  3.29236351e-02
  3.40689309e-02 -3.84678482e-03  1.81750115e-02  3.67210507e-02
 -5.05029783e-02  3.52253963e-04  1.09145716e-02  5.91847599e-02
 -1.80055536e-02  6.23864569e-02 -8.83155037e-03 -1.11694364e-02
  8.87085125e-02  5.06787598e-02  2.79649254e-02  2.38118395e-02
 -2.89569851e-02  3.25292395e-03 -1.45941311e-02 -2.36372021e-03
  1.04309665e-02 -1.09592369e-02 -2.81097442e-02  2.16387194e-02
  6.52977685e-03 -8.10538232e-03  3.18704434e-02  4.66209799e-02
  8.74177590e-02  4.45302166e-02  2.54636910e-02  5.23950197e-02]","[ 2.87730480e-03  7.77940601e-02  4.30678902e-03  3.21323462e-02
 -9.12909769e-03 -6.67935377e-03 -1.35292441e-01  3.76758389e-02
 -1.07506931e-01 -8.93476978e-03 -6.91784918e-03 -2.27202941e-02
 -3.35903205e-02 -5.48841022e-02  9.26071685e-03 -3.10820621e-02
  9.05893147e-02 -6.10816404e-02  1.04208905e-02  6.21857541e-03
 -2.26607099e-02 -1.50288893e-02 -3.66804213e-03  5.53835817e-02
 -9.10480097e-02 -3.10315713e-02 -1.02672175e-01  2.42935456e-02
 -1.07154343e-02 -5.92284203e-02 -2.91846171e-02  6.10877238e-02
 -4.88080084e-03  3.31216957e-03  4.09466587e-02  6.09150939e-02
  7.09305927e-02  7.78013021e-02 -1.47663904e-02 -1.44416955e-03
 -9.33234692e-02 -1.12471525e-02 -2.94907577e-03 -2.14897767e-02
 -3.04894336e-02 -1.08501755e-01 -1.71760432e-02 -1.17665552e-01
 -3.96222025e-02  1.52876712e-02 -6.35987446e-02 -6.05966076e-02
  6.59436882e-02 -5.12716398e-02  1.14374543e-02  4.44201268e-02
 -7.34680220e-02  4.93130367e-03 -1.68691631e-02 -1.57399173e-03
  8.78120437e-02 -3.54378931e-02  1.29238525e-02  6.92369118e-02
  1.06776297e-01  1.29484069e-02 -2.70805992e-02 -1.17686212e-01
 -2.93257590e-02  1.08806938e-01 -4.21666242e-02 -3.03760134e-02
 -2.39535272e-02  8.12230781e-02  3.90004329e-02  2.67319288e-02
 -3.92997153e-02 -2.73187552e-02  3.93044092e-02 -2.35174522e-02
  1.53199919e-02  2.38484535e-02 -4.81367037e-02  1.15254074e-01
  5.14511168e-02 -1.02047563e-01  6.59043044e-02 -7.44013116e-02
 -6.89120889e-02 -4.67311889e-02  1.17990576e-01  1.00610815e-02
  3.22074704e-02  2.86701024e-02  5.99540435e-02  1.35400323e-02
 -2.60680933e-02 -3.11847385e-02 -1.26348287e-01  1.47821419e-02
  1.51608838e-02  9.35660750e-02  3.16738822e-02  1.22315297e-03
 -2.00120099e-02 -3.33098248e-02 -1.51291129e-03 -5.99160008e-02
 -1.76888164e-02  8.38433951e-03  2.06716470e-02 -7.28505617e-03
  2.57447641e-02 -2.14499235e-02  1.17914053e-02 -3.88417095e-02
 -3.72589519e-03 -5.36996033e-03  2.39646398e-02  1.26217112e-01
  1.53781986e-02 -3.09426822e-02 -3.09431273e-03 -1.62946377e-02
 -7.62353912e-02 -3.12560461e-02 -1.90599933e-02 -1.63097784e-33
 -4.20308635e-02  1.98864490e-02  7.08369026e-03  6.04167990e-02
  3.38407140e-03 -7.27873743e-02  2.43787840e-02 -7.36150667e-02
 -4.21563871e-02  3.57196629e-02  3.31582762e-02  2.93132979e-02
  1.61373299e-02 -4.36834954e-02  1.37826949e-01  7.27820843e-02
 -1.07383663e-02 -1.09271957e-02  6.37914380e-03  1.03593152e-02
 -2.03076005e-02 -6.83483556e-02 -1.76403243e-02 -7.71431178e-02
  3.43209468e-02 -2.54375711e-02  1.40414787e-02 -2.68840836e-03
 -4.36216630e-02  1.99666806e-02 -1.19742103e-01 -4.41562533e-02
 -2.40354557e-02 -1.70967188e-02 -9.40128509e-03  3.44038429e-03
 -5.66709489e-02 -3.93836759e-02 -3.17874830e-03 -5.26878461e-02
 -9.10621211e-02  5.14584519e-02 -3.97559330e-02 -3.60593721e-02
  1.56098649e-01  4.83460426e-02  1.03011750e-01 -6.42244220e-02
 -2.66064443e-02  1.11399721e-02 -4.33383062e-02  1.73495933e-02
 -9.53927543e-03  6.38723522e-02  2.52894834e-02  3.41790244e-02
  6.08055703e-02  1.06459493e-02 -4.14695300e-04  7.26464018e-02
 -3.07695474e-04  3.67631502e-02 -1.08985692e-01 -7.22244382e-02
 -1.77115519e-02  3.78919356e-02 -5.21725342e-02 -3.47213750e-03
  7.48968944e-02 -6.69584796e-03 -1.19886637e-01 -4.06125709e-02
 -1.59929059e-02  6.17983043e-02  4.93931323e-02 -2.15070471e-02
  3.15710506e-03  5.98744256e-03  5.37535809e-02 -4.86219525e-02
  8.15302506e-03 -1.21914800e-02  1.54735679e-02  2.08262019e-02
 -4.11283150e-02 -4.14058454e-02  5.89298382e-02 -1.03955157e-02
 -1.99853685e-02  5.75530455e-02 -1.43551901e-02  1.51041923e-02
 -1.63181368e-02  4.44974042e-02 -1.04337919e-03 -2.55321781e-33
 -1.11058980e-01 -4.54420149e-02 -4.43747528e-02  9.64230485e-03
 -6.73696771e-02 -9.28729493e-03 -2.39983592e-02 -2.20959261e-02
  7.34932497e-02 -4.62757275e-02  2.25509275e-02 -1.43876085e-02
 -8.84124488e-02 -3.29724923e-02  1.62258223e-02 -1.01752644e-02
 -5.92386164e-02 -5.78700006e-02  3.58611979e-02  2.84285489e-02
  9.32789072e-02  1.29418820e-01 -1.04514509e-03  5.87235317e-02
 -4.51668911e-02  5.77417612e-02  1.65493879e-02 -1.38143674e-01
 -8.73317476e-03 -8.90460312e-02  5.96133284e-02  1.83210820e-02
 -2.01937277e-03  4.01196256e-02  4.92522269e-02  3.97213781e-03
 -2.07092464e-02 -4.63903546e-02 -9.13298980e-04  4.39977273e-02
  3.87829579e-02  5.40635400e-02 -1.98403299e-02 -5.55247553e-02
 -3.96835431e-02  8.49455968e-03  4.19709794e-02 -9.54038054e-02
 -4.19525877e-02  4.35579903e-02  8.86350311e-03 -3.91606167e-02
  8.23415816e-03  5.04712537e-02  1.36547061e-02 -2.09336877e-02
  8.16174448e-02 -1.57660376e-02 -4.08328045e-03  8.14888999e-02
 -9.36012249e-03  7.37661123e-02 -3.21627855e-02 -5.02450205e-02
  2.95683332e-02  2.10530180e-02  5.54513279e-03  9.83737558e-02
  1.43883288e-01  3.28165852e-02 -4.40762416e-02 -5.80134280e-02
 -3.12488452e-02 -4.71404381e-02 -2.20939629e-02  9.86858085e-02
 -3.61300036e-02 -2.57882494e-02 -3.40358838e-02 -3.63886952e-02
  5.49800582e-02 -2.90972795e-02 -4.69642272e-03 -2.30155066e-02
  3.32460850e-02  2.72356160e-02  3.22042294e-02 -3.77109461e-02
 -1.98730230e-02  2.44764611e-02  2.97158714e-02  1.43510345e-02
  1.90524594e-03  5.15360944e-03  4.13354449e-02 -3.19890709e-08
 -6.56923139e-03 -1.91510394e-02  6.79469407e-02 -9.71631426e-03
  2.28951015e-02 -6.90050647e-02 -5.93951009e-02  9.39357677e-04
 -5.20549454e-02  7.57522956e-02  1.56070720e-02 -2.20754016e-02
 -8.28476846e-02  7.03968406e-02 -1.21474210e-02 -9.14234668e-03
  4.51336876e-02  1.53513595e-01 -4.31057103e-02 -7.64478594e-02
 -5.27023897e-02  4.92836274e-02 -5.46604954e-02 -6.48839548e-02
 -2.26996802e-02 -1.54105006e-02  5.42876832e-02 -4.43856679e-02
 -5.81505187e-02 -5.81381954e-02  4.42896336e-02  6.42046258e-02
  2.21586674e-02  3.81712727e-02 -3.77857834e-02  2.52585504e-02
  7.49870017e-02  4.49854210e-02 -4.14060317e-02 -1.19597223e-02
 -6.21509962e-02  2.24094596e-02  2.90875547e-02  3.07137184e-02
 -2.78590173e-02  4.61385250e-02 -7.69765722e-03  6.98490627e-03
 -7.55008534e-02 -9.56283137e-02  6.10512942e-02  1.80500727e-02
  3.59250568e-02  3.62946950e-02 -6.28900109e-03  3.64588238e-02
 -1.45494891e-02  4.89285141e-02  6.51623239e-04  7.78499665e-03
  8.88202563e-02 -1.93079617e-02  2.27092169e-02  6.13165125e-02]","[-5.67133585e-03  4.42206487e-02 -4.01493721e-02  2.71081235e-02
  4.13820930e-02  3.69948335e-02  1.49085866e-02 -1.38130896e-02
  5.26555292e-02 -2.99397409e-02  4.79514226e-02  2.67657209e-02
  7.22524896e-02  2.18467955e-02  4.09764387e-02 -1.83088481e-02
  1.02060780e-01  2.67824531e-03 -2.57226769e-02 -2.13838946e-02
 -1.48846116e-03 -2.54915860e-02  9.13508460e-02  1.87849905e-02
 -1.10279977e-01 -9.14093032e-02 -5.31325787e-02  7.06788599e-02
  2.66226730e-03 -7.56401420e-02  1.86112430e-02  7.17803016e-02
  4.17755507e-02 -1.12294313e-02 -2.51597594e-02  7.40531459e-02
 -2.38284450e-02  2.38340325e-03  3.01315915e-03  3.82859982e-03
 -7.63064697e-02 -3.18728834e-02 -1.83175802e-02  9.98053141e-03
  5.82124013e-03 -5.21866195e-02  4.79060188e-02 -9.92699433e-03
  2.84254458e-02  3.31298783e-02 -5.85627276e-03 -4.85388860e-02
  2.81781573e-02 -1.03768677e-01 -3.75497591e-04  4.19263989e-02
 -6.24836534e-02 -3.41514423e-02 -1.92731600e-02 -1.83824431e-02
  5.43522350e-02 -5.42482771e-02 -4.37495708e-02  4.71073575e-02
  3.78499702e-02  2.85889325e-03 -1.38639048e-01  9.66482684e-02
 -1.33167863e-01  1.52510954e-02  6.31884038e-02 -3.75885591e-02
  1.09635070e-01  3.10490411e-02 -1.64638751e-03  1.25139117e-01
  6.50022253e-02  3.29757519e-02  2.84050368e-02  3.94776603e-03
  6.29428551e-02 -6.88388199e-03 -6.07021898e-02  7.60255605e-02
 -3.37110423e-02 -5.70388250e-02  3.28594819e-02 -2.68646926e-02
 -5.69649898e-02  1.10888639e-02 -1.57896969e-02  4.04044287e-03
  1.53713264e-02 -1.85605288e-02 -3.85848582e-02 -1.56488307e-02
 -6.45155236e-02 -4.82912995e-02  2.33642664e-02  8.29119980e-02
  7.24638870e-04  5.96735328e-02 -9.97700915e-03 -6.99846819e-02
 -1.90834776e-02 -4.86371145e-02 -8.17225054e-02  1.71374828e-02
  2.81563662e-02  4.84080538e-02 -4.97255363e-02  7.09592253e-02
  9.79468971e-03  1.37405507e-02  8.85463506e-02 -7.26256659e-03
 -5.06915571e-03  1.11004449e-02  8.66409093e-02 -2.97836009e-02
 -2.26671658e-02  2.94794869e-02  2.97223311e-03 -8.54358524e-02
  2.92139314e-03  9.13732313e-03 -4.99023870e-03 -4.64474479e-33
 -8.09219927e-02  8.41819197e-02  7.97652677e-02  1.10461935e-01
  2.21731933e-03  3.02337203e-02 -9.41994563e-02 -6.28662482e-02
 -1.36946395e-01 -4.19412600e-03  2.93375310e-02  9.11790207e-02
  1.31792752e-02  5.70547394e-02 -1.37829265e-04 -6.28905371e-02
 -4.20249477e-02 -7.71952653e-03 -5.12838289e-02 -3.71032804e-02
 -8.40616077e-02 -5.68392500e-02  4.70441207e-02 -4.95195985e-02
 -4.07823659e-02 -9.66062844e-02 -2.25789426e-03 -1.64004043e-02
  8.17940512e-04 -1.07312882e-02 -9.95170698e-02  2.34990399e-02
  3.33607011e-02 -7.43737370e-02  2.13180133e-03  6.43900260e-02
 -6.64171651e-02 -5.71293905e-02  3.38055752e-02 -5.52597120e-02
 -7.93474466e-02  5.37471287e-02 -1.28198147e-01  9.48209316e-02
  4.80454937e-02  1.41200364e-01  5.49422950e-02 -7.37424791e-02
  2.46935040e-02  4.31420878e-02  1.50037576e-02 -1.12530254e-02
  2.05727736e-03  5.60548566e-02 -5.09194955e-02 -1.68677587e-02
 -7.44256331e-03 -5.77237271e-02  2.13126019e-02 -7.48652369e-02
  2.65110680e-03  8.30715746e-02 -5.89649230e-02 -9.23262388e-02
  1.19241141e-02  5.56611568e-02  6.99980184e-02  4.28801663e-02
  1.31976632e-02 -1.00549357e-02  4.87731583e-02  2.61392258e-02
 -5.21224104e-02 -5.19587509e-02 -3.62710878e-02 -3.56788598e-02
 -6.44091293e-02  5.04721850e-02  9.94740278e-02  2.33635958e-02
  5.83699904e-02 -8.46243203e-02 -4.69807722e-02 -3.21646072e-02
  5.90276197e-02 -5.58347143e-02  7.46477321e-02 -1.07185431e-01
 -1.27410647e-02  2.90942248e-02 -6.62384257e-02  9.13837552e-02
  3.64205167e-02  7.34709427e-02  4.20232713e-02  7.98743085e-34
 -2.88124885e-02 -4.10682447e-02 -1.85397398e-02  3.32514606e-02
 -4.39134277e-02 -7.64512166e-04 -8.73405114e-02 -2.88682897e-03
  4.19143736e-02  5.02080955e-02 -5.34015484e-02 -3.64913046e-02
 -1.90757830e-02 -1.03799906e-02 -7.34622553e-02 -4.22542803e-02
  2.96783727e-02  2.56792307e-02  2.28757225e-03 -3.43916528e-02
  9.63095576e-02  1.15790397e-01 -4.92541417e-02  4.25332785e-02
  5.64133003e-03  8.62772688e-02  3.01512554e-02 -7.66634534e-04
 -6.39186576e-02 -2.09414158e-02  5.50666545e-03  3.52581753e-03
 -4.95292386e-03  8.32972825e-02  7.23089948e-02 -8.83440208e-03
  2.03321204e-02 -7.97577351e-02  5.66280680e-03  3.01480517e-02
 -5.22451196e-03  6.68556662e-03  2.73684952e-02 -6.80402741e-02
 -1.02574587e-01 -4.17476520e-02  2.42148116e-02 -5.20963818e-02
 -1.07037555e-02 -2.38272119e-02 -4.71510515e-02 -6.36393810e-03
 -2.45110448e-02  4.95512597e-02 -5.69633357e-02 -1.60167925e-02
 -1.98386796e-02 -5.63239530e-02  6.91181198e-02  1.22274473e-01
 -1.59784630e-02  1.06384829e-01 -3.82085517e-02 -5.14401272e-02
 -3.28631736e-02 -6.22611195e-02  1.00904614e-01 -3.98362689e-02
  4.52956138e-03  1.47585496e-02  1.36749621e-03  7.04073384e-02
 -4.69800606e-02  4.38191509e-03 -5.35894632e-02  4.03221734e-02
  2.67427601e-02 -2.42748428e-02 -7.12820813e-02 -2.78766099e-02
 -2.05157772e-02 -1.08777604e-03  4.81428904e-03 -7.40188546e-03
  3.08418423e-02  1.07296156e-02 -6.11880757e-02 -1.90888830e-02
 -2.87680849e-02 -7.73126725e-03  3.21555175e-02 -4.22056839e-02
  2.60191541e-02  2.75366697e-02  4.17966284e-02 -2.25032029e-08
  9.24037211e-03 -7.35549107e-02  5.13673015e-02  4.18415144e-02
 -2.20171642e-02  3.92946228e-03 -4.22265343e-02 -9.58340417e-04
  1.41162332e-02  4.41266447e-02  1.01334986e-03  5.26030324e-02
 -1.39573246e-01  2.49643754e-02  5.38065971e-04 -1.02384845e-02
  8.95728171e-03  7.61270598e-02  8.54304340e-03  2.68758796e-02
 -2.06562271e-03  3.61425355e-02  4.79449295e-02  3.76908015e-03
 -1.09603163e-02 -2.78151371e-02  2.90094074e-02 -7.34406188e-02
 -4.91352417e-02 -1.83739159e-02  2.91551258e-02  2.49383692e-02
 -4.31881621e-02 -1.37396073e-02 -4.17999215e-02  8.17067630e-04
  9.84443352e-03 -1.63464760e-03  3.35354283e-02 -1.03496043e-02
 -3.55992801e-02  2.02002209e-02 -1.08413985e-02 -2.77066566e-02
 -1.25845686e-01  6.17296733e-02  9.02198604e-04  2.83066873e-02
 -4.45486233e-02  2.18564197e-02  1.00456299e-02 -1.78820901e-02
  4.68152352e-02  2.32192129e-02 -6.94674328e-02 -1.26476968e-02
 -7.21778497e-02  3.07328440e-03  1.44526567e-02  5.06681874e-02
  7.33787119e-02 -6.92874938e-02  8.38274360e-02  2.28852052e-02]","[-6.58118948e-02  3.15701999e-02 -1.49719613e-02 -6.26511052e-02
  5.96706457e-02  5.74590936e-02  7.41973193e-03  7.23633021e-02
  8.71592388e-03  1.31806796e-02 -7.34374207e-03 -5.41942976e-02
  9.53590721e-02 -1.37654906e-02  7.18645975e-02 -2.35267840e-02
  9.99485105e-02 -8.45560431e-02 -4.61695604e-02  2.72638798e-02
  1.34002622e-02  2.60353051e-02  4.96356115e-02  5.72061762e-02
 -7.71868881e-03 -9.81036499e-02 -6.43273443e-02  8.78628716e-02
  1.22674135e-02 -2.80718450e-02 -1.18265739e-02  4.15368229e-02
  3.15297730e-02  4.57449369e-02 -3.86196785e-02 -1.07493162e-01
 -6.42246101e-03 -1.69696119e-02 -1.48214391e-02 -5.01795746e-02
 -5.57955727e-02  1.91903245e-02 -8.62483680e-02  5.89687079e-02
 -2.78352816e-02 -7.35125765e-02  1.44588202e-02 -3.03176735e-02
 -3.32827978e-02  3.93492356e-02  2.54906365e-03 -5.09515740e-02
  1.23093240e-02  2.03416105e-02 -8.47386196e-02 -5.87888584e-02
 -4.10842858e-02 -1.68931913e-02  6.37735352e-02  1.08257450e-01
  5.07320277e-02 -2.31446214e-02 -2.19955738e-03  7.64486343e-02
  1.45879351e-02  1.31691685e-02 -1.11818440e-01  2.45185625e-02
  7.95724918e-04 -4.37549613e-02  9.18292329e-02 -4.11197804e-02
  5.21720201e-02 -4.90494035e-02  3.37607414e-02 -2.81480793e-03
 -2.67548789e-03 -4.47611819e-04  3.38031957e-03 -1.88553357e-03
  9.04269218e-02 -3.93611304e-02  3.45336436e-03  6.73214719e-02
 -3.59518118e-02 -2.64826547e-02  4.18284498e-02 -2.66253855e-02
  2.78927218e-02  3.43922190e-02 -1.68696120e-02  3.10944580e-02
  4.04720902e-02  5.96506298e-02 -4.66308696e-03 -1.44832861e-02
 -9.47020575e-02 -8.06306154e-02 -6.41045198e-02  4.19608466e-02
  3.25216316e-02 -1.92423351e-02 -1.59001108e-02 -1.03332167e-02
 -5.13799069e-03 -4.90948446e-02 -1.22342035e-02 -7.95660168e-02
  2.74922047e-02  1.28017247e-01  9.33221821e-03 -4.14011627e-02
  3.10626179e-02 -4.30529639e-02  2.23678984e-02  5.06281853e-02
 -1.90936327e-02  3.75692844e-02  6.37551844e-02  1.02050669e-01
 -4.26634913e-03  8.19645151e-02  1.91013310e-02 -7.95778185e-02
 -2.35846993e-02 -5.76438941e-02 -6.05241284e-02 -1.74587672e-33
 -7.74622560e-02 -2.34746318e-02  2.34774407e-02 -1.87851489e-02
 -4.36618365e-02 -6.76989704e-02  8.78312718e-03  4.20509391e-02
 -9.31103006e-02 -3.03709619e-02 -5.81492521e-02  5.22132888e-02
  5.30420691e-02  6.04603700e-02  1.51296899e-01  4.89045903e-02
 -4.14945744e-03  6.10224381e-02  3.88655588e-02 -4.77398001e-02
 -2.65289117e-02 -1.08547993e-01 -3.45383659e-02  2.65288223e-02
 -4.51321416e-02  1.84499845e-02 -9.57260258e-04 -2.26492565e-02
  1.08566657e-01  2.07238197e-02 -9.58390236e-02 -1.68714635e-02
 -1.46116382e-02 -1.19310170e-02  4.79167961e-02  5.83292991e-02
 -7.90202543e-02 -5.18557280e-02  2.65466180e-02  2.25225743e-02
 -9.66402590e-02 -3.48610076e-04 -1.15469135e-01  6.17850386e-02
  9.18512121e-02  1.85384881e-02 -1.75104372e-03 -8.01453814e-02
 -1.16097793e-01  6.01591868e-03 -9.01457965e-02  7.46336905e-03
  3.17053944e-02  5.75542115e-02 -5.66363148e-02 -4.23503220e-02
 -7.23021571e-03 -2.76501123e-02 -3.36492769e-02 -2.89853290e-02
 -1.60423256e-02 -9.61941946e-03 -5.53490929e-02 -2.45659277e-02
 -6.69615641e-02 -3.27360444e-02  4.13917042e-02 -5.93532287e-02
 -2.65054312e-02  2.30496619e-02 -4.66310643e-02  3.47689772e-03
  3.25062647e-02 -2.51797810e-02 -3.34438980e-02 -4.49751690e-02
  1.03208255e-02  6.47322759e-02  5.15430979e-03 -4.49936576e-02
  5.88641688e-03 -4.73347642e-02  4.16814797e-02  3.48485112e-02
 -7.42970183e-02 -4.28279676e-03  3.87121215e-02 -9.21753198e-02
 -1.60552748e-02  1.60596207e-01 -2.27648988e-02  5.18788248e-02
 -2.82513332e-02  1.29498258e-01 -1.29195591e-02 -2.90917288e-34
 -1.16480142e-01  2.13089306e-02 -8.13343152e-02 -6.45192862e-02
 -2.90393624e-02 -3.06322961e-03  1.63397542e-03  9.32308733e-02
  7.61021972e-02  5.41724190e-02 -6.53744340e-02  6.21878654e-02
  8.25602636e-02  2.48774508e-04 -1.38067054e-02 -2.75214091e-02
  2.67914329e-02  2.65449136e-02  2.49794945e-02 -6.50807023e-02
  2.07834467e-02  1.55881057e-02  1.97918597e-03 -2.28831675e-02
  8.06889217e-03 -9.93063673e-03  1.90957338e-02 -3.90393957e-02
 -1.17324386e-03 -4.77660447e-02  5.19721806e-02  7.22688111e-03
 -2.94431429e-02  6.30548671e-02  4.86916862e-03  3.78528163e-02
  4.47198674e-02 -9.13844630e-02  1.95837803e-02 -3.50759737e-02
 -2.13287380e-02  4.02535312e-02  3.97641324e-02 -3.87438796e-02
 -6.50606379e-02 -1.35775814e-02  5.04651703e-02 -7.47836530e-02
  3.21002975e-02 -1.48604335e-02  6.89997673e-02  5.04678711e-02
 -1.09651661e-03 -7.56848883e-03 -7.26175234e-02  2.46285857e-03
  4.04428840e-02 -4.57073785e-02  6.27838681e-03  5.54740727e-02
  7.30402097e-02  8.56238827e-02 -6.24646991e-02 -3.24952113e-03
  4.86340523e-02  2.85106804e-02  1.40778851e-02  9.12609138e-03
  5.61732128e-02  2.45587416e-02  3.20164785e-02  4.44718357e-03
 -4.76828702e-02  2.84659564e-02 -1.01278931e-01  2.82285418e-02
  5.98629415e-02 -2.69588809e-02 -9.18374732e-02 -3.24258469e-02
  4.57901135e-02  7.87743703e-02  7.10749552e-02 -3.37474272e-02
 -2.13428531e-02 -1.19125526e-02  4.03211787e-02 -3.75092924e-02
 -8.97630453e-02  3.37061659e-02 -3.17557156e-02 -3.92911397e-03
 -2.78213266e-02  3.79012600e-02  4.33754399e-02 -2.72734830e-08
  5.87642342e-02 -2.23139804e-02  8.20751414e-02  4.52904738e-02
 -2.84412187e-02  1.53047976e-03  7.34480156e-04  1.99371129e-02
  6.79215491e-02  2.34610587e-02 -4.77491878e-03 -3.06974258e-02
 -7.31347427e-02  8.19662213e-02 -1.00582149e-02  2.94615682e-02
  6.95439652e-02  4.23814692e-02 -1.26035847e-02 -6.40444756e-02
  8.02754294e-05  7.46716633e-02 -3.96193229e-02 -4.82914895e-02
  1.94900797e-03  2.90096048e-02  3.61326151e-02 -7.53275771e-03
  8.16591317e-04  6.71068653e-02 -4.09700908e-02 -1.68498307e-02
 -2.02161465e-02 -7.75797069e-02 -9.23663676e-02  5.61294295e-02
  1.74144804e-02 -5.10798534e-03  2.63336189e-02  1.35283507e-02
 -2.66383532e-02 -1.45602571e-02  3.93880419e-02 -3.13617662e-02
 -5.11832573e-02 -2.04813643e-03 -2.86943582e-03 -1.11761831e-01
  9.87020731e-02  2.02374943e-02  1.76302195e-02 -2.55625788e-02
  4.16783839e-02 -2.51218602e-02  1.13521079e-02  7.53254956e-03
 -2.39167847e-02 -8.30281079e-02  2.72399262e-02  8.16056430e-02
  8.32174644e-02 -8.43724236e-02  5.34712858e-02  1.10599361e-01]",3,Very good app,9,2024-02-22 19:04:52,5
4,"[ 3.19377668e-02  7.69948810e-02 -5.91421761e-02  3.81363928e-02
 -1.11290261e-01 -4.37031277e-02  9.23893675e-02  5.93250357e-02
 -5.30760884e-02 -1.73213240e-02 -5.37834987e-02 -8.17760266e-03
 -2.94881016e-02  1.73590742e-02  3.00239734e-02  3.14405840e-03
  7.87016079e-02 -1.02531007e-02 -9.27918181e-02  2.57095881e-03
 -8.80678892e-02 -5.05283242e-03  3.78421252e-03  1.35221230e-02
 -1.24739911e-02  6.65318370e-02 -8.80860239e-02 -1.21007161e-03
  1.21544532e-01 -7.95433819e-02 -2.29423027e-02 -6.88888645e-03
  3.93628851e-02  3.99519540e-02 -2.83023156e-02  8.72171596e-02
  5.33359237e-02  1.32877845e-02 -5.70389582e-03 -1.49414856e-02
 -5.08743860e-02 -7.28095621e-02  8.46632272e-02 -3.76166105e-02
 -3.16856131e-02 -8.50178823e-02  9.46139544e-03  2.81496951e-03
  2.58338451e-03  1.33950701e-02 -8.75537544e-02  1.02904700e-02
 -5.88112921e-02 -4.29746546e-02  8.84355977e-02  6.73514232e-02
 -1.23276459e-02 -2.95029413e-02 -3.29898149e-02  1.59008559e-02
  1.67987570e-02  7.12372828e-03 -1.78711116e-02  4.64884751e-02
  1.38165906e-01  1.69559978e-02  2.44159740e-03  1.96428858e-02
 -7.70891458e-02  3.88208008e-03  4.79065254e-02 -5.14514595e-02
 -2.25733146e-02  6.01541251e-02  9.71352533e-02 -8.82963743e-03
 -2.24401448e-02 -1.48768380e-01 -4.05017193e-03  4.11716998e-02
 -1.02744102e-02 -1.95889585e-02 -5.52371964e-02  8.80150273e-02
 -1.45471180e-02 -2.10248749e-03  1.41197601e-02 -2.73512434e-02
 -5.27146645e-03  6.08472228e-02  3.23001966e-02  1.48218116e-02
 -3.29563729e-02  7.57640824e-02 -3.76672554e-03  2.78959088e-02
 -7.09001049e-02 -5.99610321e-02 -1.36950135e-01  1.13213345e-01
  3.10203768e-02  8.03016201e-02  4.60095592e-02  5.04634269e-02
 -6.10018000e-02 -8.70585740e-02 -3.35016847e-02 -1.52558675e-02
  1.15987752e-02  4.42810804e-02 -6.59339875e-02 -3.52954008e-02
  2.03603739e-03  4.12802324e-02  4.12839986e-02 -1.52665414e-02
 -8.82398710e-02  8.72554630e-03 -1.75822265e-02  1.21325208e-02
  6.92183673e-02 -4.00019810e-03  3.93668301e-02 -1.12859150e-02
 -4.54425551e-02 -4.27445471e-02 -1.77053958e-02 -8.31907197e-33
 -5.99309616e-03  1.77054219e-02  7.51114562e-02  1.15016840e-01
 -2.75068562e-02 -3.60096768e-02  1.76146626e-03 -1.18503049e-02
 -4.91142981e-02  5.17944898e-03 -4.25396413e-02  1.13382883e-01
 -2.83264485e-03  3.50953254e-04  4.94700298e-02  3.30625474e-02
 -4.72642370e-02 -8.94486252e-03 -2.56815795e-02  6.35424256e-02
  3.23338583e-02  4.38279696e-02 -5.79169244e-02  3.30977961e-02
  2.40937192e-02 -7.61535168e-02  6.68622181e-02  2.11287383e-02
 -5.21863103e-02  1.00819638e-03 -5.28401509e-02 -4.21801955e-02
 -2.97360308e-02 -4.90522645e-02 -2.70073153e-02 -6.40628627e-03
  6.81600487e-03 -5.13489693e-02  6.14729971e-02 -1.17587503e-02
 -2.69755833e-02  2.66248044e-02  1.68974083e-02  1.34147648e-02
  9.63075981e-02  7.26393834e-02  1.75738297e-02 -5.56599312e-02
 -7.36668408e-02 -7.62329670e-03 -3.76620293e-02  5.17140783e-04
  1.12180477e-02 -2.38297619e-02  1.96543839e-02  7.55340531e-02
  5.34951827e-03  1.08734913e-01 -5.04494607e-02  3.49998437e-02
  2.58096308e-02  8.25543925e-02 -4.54376601e-02 -4.18877713e-02
 -3.15794758e-02  3.44931526e-04 -5.97415306e-02  3.45245074e-03
  5.45352511e-02 -2.51959241e-03 -4.35108878e-02 -4.90885712e-02
  7.42092878e-02  4.90936078e-03 -3.34231369e-03 -2.54471172e-02
  4.65901271e-02  1.48006866e-03  2.24535372e-02  1.40185645e-02
 -3.38470303e-02  2.89594885e-02  3.48173007e-02  3.30698974e-02
  3.54354717e-02 -6.28302153e-03 -4.75069955e-02 -1.49582341e-01
  1.01858815e-02  7.23724216e-02 -3.90573335e-03 -3.80255841e-02
 -4.95392494e-02 -3.27318311e-02 -1.01708136e-01  5.13106590e-33
 -6.70686224e-03 -3.06605231e-02 -8.15562904e-02  9.29613709e-02
  6.13038950e-02 -3.89874307e-03  2.93288901e-02  3.58974636e-02
  5.08015789e-02 -3.72044102e-04  6.76800311e-02 -4.40353788e-02
 -3.73550579e-02 -1.11972429e-02 -7.32528465e-03 -3.16010006e-02
 -6.49847686e-02 -1.92222986e-02  5.09591587e-02  2.23471895e-02
  3.16758752e-02  7.57948831e-02  4.54116650e-02  8.77152458e-02
 -7.06972834e-03  2.67020194e-03 -3.28074731e-02 -1.45228058e-01
  4.37053805e-03 -2.41377670e-02  5.23209795e-02 -3.98505479e-02
 -2.66041420e-02  6.69524744e-02 -2.94625200e-02  3.43541093e-02
 -2.76883747e-02 -3.00950781e-02 -9.40147042e-03  7.58321211e-02
  4.39712638e-03  3.95723507e-02  6.33342341e-02  3.97399738e-02
  2.20243959e-03  3.38579416e-02  6.70161471e-02 -6.66510239e-02
  4.02218550e-02 -5.68527216e-03  2.55477969e-02 -3.22108157e-02
 -5.13229705e-03  4.46114168e-02  9.51131713e-03 -1.18775032e-01
  6.98579177e-02 -5.32696992e-02  2.55771670e-02 -3.00982203e-02
 -5.38479201e-02  3.74445766e-02 -9.52639580e-02  1.00948356e-01
 -3.85993905e-02  5.46578271e-03 -3.50204892e-02  1.61172505e-02
 -7.51471594e-02 -2.95485333e-02  1.07917311e-02 -6.99785575e-02
  1.26917243e-01 -9.72826686e-03 -1.00040652e-01  3.17385495e-02
 -7.98331574e-02 -1.47256944e-02 -8.46849103e-03 -5.92192411e-02
 -9.62815806e-02 -8.30815360e-02 -2.44566556e-02 -1.08409915e-02
 -1.91328526e-02  1.22773573e-01  1.47380680e-02  3.86649482e-02
  3.77592258e-02  1.63245555e-02 -3.03120948e-02  8.19600672e-02
 -2.68234778e-02 -5.10354228e-02  1.08983798e-03 -1.36301574e-08
  3.48858349e-03 -3.85386460e-02 -3.92109156e-02 -1.33530414e-02
 -1.85481552e-02  7.31046945e-02 -1.54643068e-02 -3.88237573e-02
 -3.91130075e-02  1.21959165e-01  2.76286826e-02  1.46157006e-02
 -3.11949104e-02  2.70918217e-02  3.47909257e-02 -2.75573786e-03
  5.01515605e-02  3.28838080e-02 -1.81547739e-03 -4.14304473e-02
  3.14874053e-02  1.04868598e-02  4.87385392e-02  9.84305516e-03
 -5.60485050e-02 -2.04405431e-02 -9.66206342e-02 -9.71079767e-02
 -7.68800452e-02  8.15981999e-02  9.17131007e-02  4.05319668e-02
 -2.22734902e-02 -3.11400797e-02 -1.72326062e-02  3.30643766e-02
 -4.02255133e-02 -8.79600924e-03 -4.67088446e-02  7.37962276e-02
 -1.19736232e-02  1.24090565e-02  2.58387160e-02 -7.81263132e-03
  4.71031331e-02 -1.98104214e-02  1.89145878e-02  1.36750797e-02
  3.44106345e-03 -8.31494406e-02  4.44277450e-02  2.32199691e-02
 -3.74489278e-02  4.30486910e-03  1.06516918e-02  5.72634935e-02
  9.68323089e-03  6.36438951e-02 -2.61062626e-02  2.86942784e-04
  1.57828361e-01  1.71351153e-02  5.92423677e-02  4.50559109e-02]","[-6.66482225e-02 -8.88006389e-03  6.65941229e-03 -5.61984256e-02
 -1.09913759e-02 -4.31028940e-03 -2.82091070e-02 -9.02623534e-02
  1.21048326e-02 -2.04163231e-02  1.37962371e-01  4.31171246e-02
  5.64066134e-02  5.35760447e-02 -4.72963899e-02 -8.98048654e-02
  1.43980607e-01 -8.68682489e-02 -2.11661160e-02  4.53590937e-02
  7.26607367e-02  4.34706062e-02 -3.49747688e-02  1.17244897e-02
 -2.69633671e-03 -4.19910215e-02 -6.78170696e-02  1.18338736e-02
  1.85318533e-02 -6.35174364e-02 -9.56392661e-03  2.38671917e-02
 -3.17035802e-02 -2.09387429e-02  1.24853902e-01  8.54503643e-03
  9.20689479e-03 -5.70253991e-02  6.29567262e-03 -3.17849480e-02
  1.66401397e-02 -2.13969145e-02 -1.74547601e-02  4.70804097e-03
 -5.08235628e-03 -2.80940682e-02  3.02416719e-02 -6.42070174e-02
 -3.48870866e-02  1.96433365e-02 -1.38448374e-02 -3.88193037e-03
 -2.80590169e-02  6.25675991e-02 -1.53091038e-03  2.13047508e-02
 -1.48594789e-02  8.19742121e-03 -7.08909407e-02  3.75588355e-03
 -2.87832273e-03 -7.01928213e-02 -4.14178669e-02  1.84402261e-02
  1.85942221e-02  3.41535322e-02 -2.91477442e-02 -1.18336417e-01
 -6.13504499e-02 -1.76648367e-02 -1.36305420e-02 -5.17742112e-02
  1.28960973e-02  5.27672768e-02 -2.70664273e-03  5.11224195e-02
  2.55074557e-02 -1.17475335e-02 -3.38160060e-02 -2.74217185e-02
 -1.00866491e-02 -4.32336628e-02 -6.56945352e-03  2.71576364e-02
  2.78336369e-02 -6.35531498e-03 -3.76391457e-03 -5.46738096e-02
 -4.81671058e-02 -3.36822644e-02 -3.30602974e-02  7.78859947e-03
 -8.78091250e-03  1.12027600e-02 -4.73898351e-02 -1.11235388e-01
  4.71039535e-03  1.40667672e-03 -2.55951025e-02  4.07619774e-02
  4.82663326e-02  2.46374737e-02 -6.46408275e-02 -2.32154522e-02
 -1.74713954e-02 -7.87720233e-02 -4.32933569e-02 -1.87579282e-02
 -7.69129843e-02  1.71007663e-02 -4.03853767e-02  1.31614385e-02
  5.84272891e-02 -5.04866317e-02 -1.52883511e-02  4.62111421e-02
 -1.93070825e-02  4.16556895e-02 -2.06471141e-02 -1.08798094e-01
 -1.12212729e-02  1.58579294e-02 -4.87037469e-03 -7.22483024e-02
 -6.72216788e-02 -1.19369298e-01  1.69231027e-01  7.99468918e-35
 -5.88503666e-02 -7.27804378e-02  2.76366435e-02 -7.37076923e-02
  5.16952835e-02  1.76868588e-02 -7.52081275e-02 -3.41988578e-02
  1.04648672e-01 -1.24457935e-02 -5.97443320e-02  5.48119619e-02
  2.49860231e-02 -6.47904873e-02 -4.19625156e-02  8.05258304e-02
 -3.80237922e-02  1.12586096e-01  6.19272366e-02  7.75246322e-02
  1.46032742e-03 -1.16800576e-01 -3.23046930e-02 -3.95746306e-02
  2.20639142e-03  2.08930895e-02  1.76154003e-02  1.23996865e-02
  4.34631072e-02  8.06803815e-03 -1.50640281e-02  1.85936186e-02
  6.48210272e-02 -6.52469927e-03  4.16129827e-02  6.20615557e-02
 -8.86095241e-02  1.59216598e-02  3.11594754e-02  1.11006461e-02
  5.27145341e-02  1.34906443e-02 -3.31242234e-02  5.48121221e-02
 -3.33533920e-02  3.34691405e-02  9.91881415e-02 -1.13900453e-01
 -6.44850358e-02 -2.17946991e-03 -2.12969799e-02  1.78441256e-02
  7.10212300e-03  3.53430025e-02 -3.46444286e-02  1.50882348e-03
  9.21902359e-02  5.37194572e-02  3.58851142e-02 -4.92812926e-03
  2.03247685e-02 -3.63867767e-02 -4.33624126e-02 -1.09167323e-01
  1.33340685e-02 -5.82804717e-02  5.04230596e-02 -6.73024636e-03
 -2.06878725e-02 -9.13722888e-02  4.45726663e-02  5.60374781e-02
  2.76101884e-02  4.29711081e-02 -2.75097229e-02 -3.93812582e-02
 -3.51315401e-02  3.65298651e-02  1.02304816e-01 -2.88929828e-02
 -4.30186950e-02 -5.95498532e-02  2.89686080e-02 -5.46562346e-03
  8.01481120e-03  5.02793752e-02  4.49865907e-02  5.74089168e-03
 -4.78985123e-02  6.54316470e-02 -2.89633330e-02  3.83550487e-02
  2.17680708e-02  3.66324410e-02  7.70718306e-02 -1.20533639e-33
 -6.65737391e-02  2.56137680e-02 -8.33816677e-02  6.63027465e-02
 -1.90926977e-02  3.80089320e-02  7.36547038e-02  9.61769372e-02
  1.01668462e-01  8.93895701e-02  5.38043678e-02 -3.43566090e-02
 -2.70023607e-02 -2.53147818e-02 -5.21350838e-02  1.42653268e-02
 -2.41046380e-02  1.00017805e-02 -3.11472453e-02  2.70340815e-02
  3.06495875e-02  6.11464493e-02 -1.77557431e-02  3.85739580e-02
  8.86688940e-04  8.78997669e-02 -2.56647263e-02  2.79925670e-02
 -7.70798102e-02 -5.37237972e-02  5.65076806e-02 -2.69062016e-02
 -9.49918181e-02  4.00870629e-02 -4.07894375e-03 -5.99040464e-02
  7.79339597e-02  4.91917767e-02  3.57550420e-02  6.99263588e-02
  8.31431989e-03  5.98641224e-02 -4.47501689e-02  6.44817054e-02
 -3.65869934e-03 -1.21427678e-01  9.71598402e-02 -1.13388665e-01
  9.74818096e-02  3.97495031e-02 -5.73013797e-02 -2.33764313e-02
  8.93239006e-02  7.15893656e-02 -1.62788592e-02  9.54802930e-02
  3.93087342e-02 -8.04292038e-03  1.43829724e-02  4.05793637e-02
  6.70837983e-02  5.68621233e-03  8.82028416e-03 -9.13762674e-02
  1.22642942e-01 -1.41483629e-02  7.50013739e-02  4.82421182e-02
  1.21779308e-01  2.00017914e-02  6.03853948e-02 -5.28880768e-02
  6.87153963e-03 -8.43986273e-02  1.26042524e-02 -3.94677259e-02
  1.65864564e-02  2.55503561e-02 -5.12881912e-02 -5.93225285e-02
 -2.03346685e-02 -4.63409629e-03 -1.06646167e-02  2.40530148e-02
  4.07071374e-02 -1.03801735e-01  7.08456337e-02 -6.96691126e-02
 -1.92597248e-02  2.82235872e-02 -3.61909065e-03 -1.99953164e-03
 -1.29942345e-02 -4.88027785e-04 -3.11826244e-02 -2.33931079e-08
 -7.14499690e-03 -4.48213406e-02 -2.57605873e-02  1.20404074e-02
 -8.36202502e-03 -7.86030143e-02  4.56257500e-02 -4.64029163e-02
 -2.26810593e-02 -3.61521170e-02 -5.47234863e-02 -6.19719885e-02
 -9.78344753e-02  3.30493636e-02  2.41399091e-03 -4.04583700e-02
  2.63485126e-03  1.48234563e-02 -7.06841201e-02 -4.51237988e-03
  7.00060278e-03  6.28667101e-02  3.31037268e-02 -4.41916427e-03
 -3.30436043e-02  4.56179902e-02  5.96480153e-04 -1.86776873e-02
  6.28130063e-02 -4.43555787e-02  5.52083075e-04  7.77056813e-02
  4.45400514e-02 -6.90486506e-02 -6.81521446e-02 -2.85974122e-03
  2.32962128e-02  2.76523158e-02 -3.64627875e-03 -4.25681211e-02
  2.64790072e-03  3.36731412e-02 -1.01323035e-02  4.11734879e-02
  6.80256635e-02  1.27085894e-02 -4.86376230e-03  2.54914928e-02
 -6.67765588e-02  2.23176423e-02 -1.05835395e-02  4.35760990e-02
  1.37121798e-02 -5.83929429e-03  2.07578021e-04 -7.92280659e-02
  4.65993844e-02  5.71321324e-03  6.33907020e-02  7.69112930e-02
  5.44410832e-02 -6.56642690e-02  1.08954556e-01  2.55172583e-03]","[-3.42764668e-02  9.03969929e-02 -8.47515743e-03  4.06466648e-02
 -1.88127719e-02  3.10485363e-02  1.56656466e-02  1.04089640e-01
 -5.73110022e-02 -7.35660130e-03 -6.38279016e-04 -3.52659859e-02
  4.03192490e-02 -4.45059016e-02  1.25926975e-02 -2.30949335e-02
  4.61496003e-02 -2.43445933e-02 -3.15824263e-02  4.06149738e-02
 -1.09437719e-01 -3.17682363e-02 -5.94230033e-02  3.08787953e-02
 -1.07073814e-01  3.56540233e-02 -4.50985134e-02 -3.40079353e-03
 -8.51727091e-03 -1.41067997e-01 -1.14170853e-02  1.57099508e-03
 -2.45938003e-02  6.63196389e-03  4.90679685e-03  5.30585051e-02
  5.84406592e-02  8.28250125e-03 -7.02524418e-03 -6.46853447e-02
 -8.22854042e-02  6.98105851e-03  4.75808792e-02 -2.76896246e-02
 -6.13368899e-02 -9.36972350e-02  1.91373676e-02 -1.31218582e-02
 -5.32466546e-02  7.00706337e-03 -7.74677619e-02 -3.68716754e-02
 -9.41244478e-04 -3.05334572e-02  5.41748181e-02 -4.00018096e-02
 -6.68516532e-02  4.70916089e-03  8.58799834e-03  3.95698063e-02
  1.47098973e-01 -3.87956612e-02 -5.96034005e-02  3.39148939e-02
  1.48019224e-01  4.42026323e-03  4.23372425e-02 -2.75966655e-02
 -3.88392247e-02  1.24340042e-01 -5.26040010e-02 -2.71367673e-02
 -1.17888972e-01  9.41222627e-03  8.25717002e-02  1.09740170e-02
 -3.91600132e-02 -1.24403499e-01  3.72500196e-02 -5.63358627e-02
  1.78155787e-02  1.04482807e-02 -6.55106083e-02  1.06397875e-01
  6.58259243e-02 -7.38908499e-02  7.49594271e-02 -4.96973768e-02
 -2.32045932e-04 -4.98758629e-02  5.30355573e-02 -5.08178398e-03
  7.06766099e-02  6.47585019e-02  4.38763462e-02  1.67392660e-02
  1.43631790e-02 -6.45578280e-02 -8.59299526e-02  1.56384990e-01
  1.56171983e-02  8.04230645e-02  5.54171056e-02  3.82336713e-02
 -9.67463478e-03 -2.72730980e-02 -2.41264552e-02 -5.40014282e-02
 -3.08828931e-02 -5.33634471e-03 -4.75250045e-03 -2.72960626e-02
 -3.55090536e-02 -2.78392993e-02  5.40146343e-02 -9.97581929e-02
 -3.63826193e-02  2.37302110e-03  3.43344547e-02  5.14626503e-02
  3.27259451e-02  1.71878270e-03 -1.71379298e-02 -2.26946920e-03
 -5.77157848e-02 -2.72446442e-02 -9.07916203e-02 -6.94859102e-33
 -7.59254815e-03  1.80261936e-02 -1.78485867e-02  6.52225986e-02
  2.60879677e-02 -8.25746581e-02 -2.45258342e-02 -3.61229256e-02
 -6.44036084e-02  4.04640809e-02  8.35774373e-03  4.88558449e-02
 -3.08214948e-02 -3.48246805e-02  1.93963557e-01  3.97918150e-02
  9.28293972e-04 -8.25202744e-03  1.08412281e-03  1.00337984e-02
 -4.51141112e-02 -2.14782357e-02  2.28864886e-02 -6.28470629e-02
  6.71519414e-02 -2.20653843e-02  4.51276936e-02 -1.69076100e-02
 -5.94062470e-02  3.20489407e-02  1.80175845e-02 -2.99497172e-02
  9.37416567e-04  3.33307162e-02 -4.56645293e-03  4.48656380e-02
 -7.37331435e-02 -6.79832026e-02 -2.24414412e-02 -4.14902205e-03
 -1.03254817e-01  4.14669402e-02 -9.39647388e-03 -2.23609842e-02
  1.46236494e-01  7.23166168e-02  8.39293972e-02 -3.93331274e-02
 -1.94101930e-02 -3.87835316e-03 -7.21874163e-02  1.57696139e-02
 -4.02577072e-02  5.01051396e-02  5.09451628e-02 -2.67520803e-03
  9.99154709e-03 -1.47972465e-03  2.16994788e-02  9.29752365e-02
 -1.53164333e-02  2.29696874e-02 -4.96171042e-02 -9.62049812e-02
 -3.28190960e-02  2.15828698e-03 -6.53814822e-02 -3.51633616e-02
  2.78899074e-02  5.51398797e-03 -1.41949385e-01 -6.27251565e-02
 -3.65627930e-02  4.30122018e-02  2.30229110e-03  2.56645717e-02
  3.18486355e-02  3.57831363e-03  2.50329971e-02 -1.53348055e-02
 -8.83469880e-02 -1.77867636e-02  5.23627773e-02  4.82828356e-02
 -7.64462054e-02  1.32184774e-02  4.30136807e-02 -9.44133624e-02
 -2.58022323e-02  6.04820214e-02 -4.16974500e-02 -2.22440902e-02
  3.40644713e-03  1.15363132e-02 -5.43893874e-02  3.36094590e-33
 -1.21997684e-01 -1.52614107e-03 -5.45184091e-02  6.62249476e-02
 -5.50610796e-02 -3.46384794e-02  1.71344597e-02  8.90220888e-03
  1.36094503e-02 -4.38834354e-02 -6.93860203e-02  3.02365348e-02
 -2.95760464e-02  4.18846216e-03  3.96070741e-02 -4.92097437e-02
  5.09160059e-03 -4.70331535e-02  2.21032239e-02 -1.30345626e-02
  1.56837907e-02  1.35824800e-01  6.49124209e-04  2.33889520e-02
 -1.39962481e-02  6.93372861e-02 -2.82715559e-02 -1.39839664e-01
  1.40455761e-03 -6.89212009e-02  3.63147035e-02  1.04015935e-02
 -2.25640573e-02  5.51020540e-02 -1.58946663e-02  7.28193000e-02
 -6.88981861e-02  8.78857449e-03  6.22779457e-03 -1.22185564e-04
  4.03607562e-02  6.97108060e-02  3.77669074e-02  3.05135623e-02
 -2.59799268e-02  2.48190742e-02  1.54226460e-02 -3.03864442e-02
  2.26923847e-03  6.13798909e-02  5.56500582e-03 -9.96723119e-03
  1.22145358e-02  3.99363078e-02 -2.19749026e-02  2.69026682e-03
  1.16131440e-01  1.26395971e-02  6.12890050e-02  7.15220422e-02
 -3.08384765e-02  1.80651098e-02 -1.20804235e-02  8.85940995e-03
 -2.15538163e-02  1.50316274e-02 -6.46630824e-02  7.22347870e-02
  7.41033405e-02  3.51828821e-02  6.64889216e-02 -3.14800926e-02
  2.27802396e-02 -3.85561064e-02 -3.96106467e-02  4.08734381e-02
 -8.87562186e-02 -7.34588644e-03 -1.75824892e-02  1.39204087e-02
 -1.70703176e-02 -4.32921089e-02 -1.54131707e-02 -1.52618764e-02
  6.93305023e-03  8.56573209e-02  8.44221488e-02  2.54036412e-02
 -7.19355070e-04 -2.02092645e-03  1.42199332e-02  5.78954145e-02
 -4.84791771e-02  3.89656052e-02  2.89109480e-02 -1.35245211e-08
 -1.63810141e-02 -6.30419552e-02  2.92490516e-02 -2.63751019e-02
  4.61672582e-02 -2.47862041e-02 -2.39448417e-02 -1.70417298e-02
 -8.06616154e-03  1.10308528e-01  5.33505902e-02 -3.56231667e-02
 -2.72763446e-02  8.39380994e-02 -1.39182229e-02  5.60314730e-02
 -4.06136215e-02  1.24017581e-01 -8.52624401e-02 -7.57842883e-02
 -6.75880834e-02  3.49661075e-02 -2.88931448e-02  7.32662296e-03
 -8.02099239e-04 -9.82634816e-03  9.50278714e-03 -2.14620419e-02
 -1.88466161e-02  5.75612336e-02  3.66421007e-02  3.76385152e-02
  1.29790641e-02  4.04301274e-04 -5.83956018e-02  8.79453421e-02
 -1.40655003e-02  9.35104769e-03 -2.16599423e-02 -1.56354439e-02
 -2.79176049e-02 -1.71347521e-02  6.02144487e-02  3.03545333e-02
  1.22605693e-02  1.19114015e-02  1.28228301e-02  1.09984549e-02
 -7.34572634e-02 -7.99297765e-02 -4.03486006e-03  1.64615083e-02
  5.77667262e-03  6.71957582e-02  4.27858010e-02  3.89820673e-02
  2.13906243e-02  2.13951487e-02 -2.29444914e-02  2.13153474e-02
  8.05324689e-02  2.70849112e-02  2.07438022e-02  6.42382652e-02]","[ 5.42700440e-02 -1.91429611e-02  3.88339236e-02 -1.32175004e-02
 -4.49847095e-02 -7.23024458e-02 -3.73753570e-02  3.60016967e-03
  9.36534535e-03 -2.22760588e-02  4.00475934e-02  5.49519248e-03
 -7.34790042e-03 -4.50974517e-02  2.65981611e-02 -9.52517092e-02
  1.83639511e-01 -9.35290083e-02 -6.56421036e-02  2.63919542e-03
 -5.71642071e-03 -1.96648072e-02 -4.15618047e-02  7.27418959e-02
 -2.23383550e-02 -2.82268189e-02 -1.18564665e-01 -2.19153147e-02
 -6.39913082e-02 -6.48950860e-02 -6.27990887e-02  4.39005867e-02
 -5.37039340e-03 -1.16258161e-02  4.54480127e-02  7.79393828e-03
  2.76595969e-02  5.04158018e-03  8.34306236e-03 -1.95778944e-02
  5.26192039e-03  2.90131569e-02 -2.69937981e-03  9.00877640e-02
  2.51973309e-02 -2.56386232e-02  5.26919812e-02 -1.85977723e-02
  1.62053462e-02 -2.54536532e-02 -2.21422389e-02 -1.59188733e-02
  3.19971889e-02 -9.79619026e-02 -3.55249718e-02 -2.82846461e-03
  2.62919138e-03  4.73521315e-02 -4.74893786e-02  2.40990631e-02
  2.45461185e-02 -6.70424774e-02  7.36845881e-02  1.39682619e-02
  2.06870716e-02  7.32465996e-04  1.61917061e-02 -4.40285802e-02
 -9.45735276e-02  4.77700084e-02  5.58975199e-03  2.12650634e-02
 -2.95291450e-02  1.24917515e-01  9.42083821e-03 -2.98524331e-02
  2.10732408e-02  3.52847576e-02  5.54071255e-02 -2.70480365e-02
  2.62269471e-02 -6.70311749e-02 -1.55273164e-02  9.06664133e-02
 -1.41375903e-02 -2.19388660e-02  8.23295116e-02 -1.21117500e-03
 -1.03655390e-01 -7.52284601e-02  2.80565172e-02  6.23753741e-02
  1.92811899e-02 -8.62647686e-03 -3.19118351e-02  4.51717190e-02
  1.00258710e-02 -6.03315830e-02 -7.54012838e-02  2.69287862e-02
  3.39739285e-02  7.12574869e-02  5.03248610e-02  5.58092110e-02
 -5.43473810e-02  1.86118262e-03 -5.61026335e-02  5.63146472e-02
 -1.21762872e-01  7.78997838e-02  3.07868095e-03 -1.08209094e-02
 -2.05292813e-02 -4.31455113e-02 -4.14337069e-02  3.36868167e-02
 -6.79120496e-02 -2.17512920e-02  1.30457180e-02  3.17198522e-02
 -5.23526669e-02  2.36134212e-02 -3.58809121e-02 -3.02238930e-02
 -7.84546882e-03 -2.29251459e-02  6.21221922e-02 -3.71097469e-33
 -8.88844803e-02  6.43270090e-02  1.79560501e-02 -1.10913198e-02
  2.85825017e-03 -4.90068942e-02 -3.53692658e-02  3.43411043e-02
  6.84650987e-02  5.83910337e-03 -1.14114806e-01 -8.03878009e-02
  2.19312813e-02 -3.69237848e-02  2.71279179e-02  1.49969924e-02
  3.10133304e-02  2.20924485e-02  7.22768381e-02  7.71126198e-03
 -1.02044092e-02 -1.04948036e-01 -7.07949772e-02 -2.53045280e-03
 -7.43792346e-03 -2.76555330e-03  2.17714142e-02  6.55757040e-02
  3.17413285e-02 -1.50831575e-02 -4.81628720e-03 -1.58188809e-02
  1.03401393e-01 -2.36224905e-02  8.67834594e-03 -1.40776243e-02
 -9.67613235e-03 -3.19999084e-02  4.23008166e-02  1.79448314e-02
 -6.38678968e-02  3.62573862e-02 -5.59646003e-02  5.64703830e-02
 -1.76590979e-02  5.23613915e-02  1.18163325e-01 -1.17436871e-01
 -6.30005598e-02  5.66977821e-02 -4.41990234e-02  8.06143880e-02
  4.89431880e-02  1.31188095e-01  4.21099504e-03 -8.03011749e-03
  1.33335963e-01 -4.11316045e-02 -2.62972768e-02  1.28007364e-02
 -4.32521328e-02 -7.67963976e-02 -4.48862463e-03 -4.76999730e-02
  1.29055843e-01  1.64777357e-02 -2.01607682e-02  4.33390923e-02
  5.34976646e-03 -1.04365442e-02  5.15489057e-02 -2.88230702e-02
  1.75053775e-02 -3.81195396e-02  4.44882922e-02 -8.23833644e-02
 -3.11634820e-02 -2.83503477e-02 -4.03502025e-03 -7.63377249e-02
  7.34217744e-03 -5.40734129e-03  6.09557740e-02  7.48298084e-03
  1.31883379e-02 -4.53806147e-02  6.99149519e-02  1.02191247e-01
 -7.18141347e-02  7.92202652e-02  2.31566951e-02  9.93258506e-02
 -4.75965515e-02  1.05993353e-01  4.02310677e-02  2.52308861e-33
 -6.61087185e-02 -9.81202349e-03 -4.07918505e-02  6.82074651e-02
 -3.13650742e-02  4.71518375e-02  4.10913415e-02  2.45797504e-02
  7.01218545e-02  5.73193766e-02 -5.58961295e-02 -4.98197563e-02
 -9.46487114e-02 -3.15512866e-02 -2.12254189e-02  1.41663514e-02
  4.67332592e-03 -3.67969014e-02  7.73557499e-02  2.82322522e-02
  1.68251339e-02  4.27561924e-02 -4.09732759e-02 -1.69313736e-02
 -2.51879022e-02  6.03676662e-02 -4.37260494e-02 -4.32992131e-02
 -6.67706802e-02 -4.90342155e-02 -9.65231005e-03  4.17452455e-02
 -6.95752539e-03  1.69639178e-02  3.71411219e-02  2.11677980e-02
 -6.64738491e-02  1.00065082e-01 -1.09771043e-02  3.07649821e-02
 -1.72892604e-02  3.40204500e-02  9.42223426e-03 -5.91110848e-02
  2.47444119e-03 -2.37424932e-02  2.12631598e-02 -1.36957526e-01
  2.61760280e-02  1.06285714e-01 -2.08841916e-03 -4.47911695e-02
  5.16469553e-02  1.03166707e-01 -1.52410939e-02  7.38024190e-02
 -4.83895689e-02 -3.38491462e-02  3.04079801e-02  3.67634185e-02
  8.14461485e-02 -2.47184541e-02 -1.76087096e-02 -5.39875478e-02
  6.62130564e-02 -1.12985661e-02  8.07147101e-02 -1.66947506e-02
  1.36502951e-01 -2.39665434e-02 -3.42986472e-02 -5.17689735e-02
  1.18066687e-02 -1.74159389e-02 -5.00247851e-02 -5.43953432e-03
 -3.16036977e-02  4.98247258e-02 -5.35114780e-02 -2.73829829e-02
  6.79437220e-02  6.81796595e-02  1.33948391e-02  6.05973788e-02
 -9.42988768e-02 -6.78073242e-02  1.12007573e-01 -3.34423520e-02
 -1.64722949e-02  6.78344956e-03  7.35301804e-03  3.21726650e-02
 -2.21797582e-02  3.95256765e-02 -6.86259009e-03 -2.17316227e-08
 -4.53033224e-02 -4.77528907e-02  1.62604954e-02 -3.71628962e-02
  6.52192682e-02 -3.23964190e-03  1.63211320e-02  6.14257343e-02
  2.36794855e-02  2.18209010e-02 -1.45635922e-02 -9.51912906e-03
 -8.32179785e-02  3.80082615e-02  2.12046877e-02  3.59186307e-02
 -5.58097549e-02  2.94643138e-02 -5.34023456e-02 -1.67442970e-02
 -3.90488617e-02  6.50612190e-02  6.11622492e-03 -8.20663571e-02
  4.58224937e-02  4.85447980e-02  9.00477450e-03 -3.71702462e-02
  8.84529278e-02 -1.93535965e-02 -4.61459458e-02 -1.65894087e-02
  4.70621958e-02 -1.82289593e-02 -8.41667056e-02  2.49757282e-02
 -3.22975963e-02  2.90054958e-02 -4.88494486e-02 -4.43267748e-02
 -2.74539795e-02  9.04272571e-02 -6.04530461e-02  1.55408885e-02
  6.45943135e-02 -7.20537528e-02 -8.69786292e-02  6.51112199e-02
 -4.07063700e-02 -4.29092869e-02  3.96098718e-02  4.40778099e-02
 -4.20309491e-02  2.74864212e-03 -1.65739600e-02 -3.69941220e-02
  1.81155708e-02 -2.00646725e-02 -2.84112506e-02  1.09255008e-01
 -3.71058099e-02 -1.25165610e-02  3.91160101e-02 -1.53379906e-02]",3,Too late delivery,3,2024-02-22 18:55:14,1
